,장소,측정일시,인버터전압(R상),인버터전압(S상),인버터전압(T상),인버터주파수
5760,정선한교,2021-07-05 00:00:00,0.0,0.0,0.0,59.97
5761,정선한교,2021-07-05 00:01:00,0.0,0.0,0.0,59.97
5762,정선한교,2021-07-05 00:02:00,0.0,0.0,0.0,59.97
5763,정선한교,2021-07-05 00:03:00,0.0,0.0,0.0,59.97
5764,정선한교,2021-07-05 00:04:00,0.0,0.0,0.0,60.0
5765,정선한교,2021-07-05 00:05:00,0.0,0.0,0.0,60.0
5766,정선한교,2021-07-05 00:06:00,0.0,0.0,0.0,60.0
5767,정선한교,2021-07-05 00:07:00,0.0,0.0,0.0,59.99
5768,정선한교,2021-07-05 00:08:00,0.0,0.0,0.0,59.99
5769,정선한교,2021-07-05 00:09:00,0.0,0.0,0.0,59.99
5770,정선한교,2021-07-05 00:10:00,0.0,0.0,0.0,59.99
5771,정선한교,2021-07-05 00:11:00,0.0,0.0,0.0,59.99
5772,정선한교,2021-07-05 00:12:00,0.0,0.0,0.0,59.99
5773,정선한교,2021-07-05 00:13:00,0.0,0.0,0.0,59.99
5774,정선한교,2021-07-05 00:14:00,0.0,0.0,0.0,59.99
5775,정선한교,2021-07-05 00:15:00,0.0,0.0,0.0,59.99
5776,정선한교,2021-07-05 00:16:00,0.0,0.0,0.0,59.99
5777,정선한교,2021-07-05 00:17:00,0.0,0.0,0.0,59.98
5778,정선한교,2021-07-05 00:18:00,0.0,0.0,0.0,59.99
5779,정선한교,2021-07-05 00:19:00,0.0,0.0,0.0,59.99
5780,정선한교,2021-07-05 00:20:00,0.0,0.0,0.0,60.03
5781,정선한교,2021-07-05 00:21:00,0.0,0.0,0.0,60.04
5782,정선한교,2021-07-05 00:22:00,0.0,0.0,0.0,60.04
5783,정선한교,2021-07-05 00:23:00,0.0,0.0,0.0,60.02
5784,정선한교,2021-07-05 00:24:00,0.0,0.0,0.0,60.01
5785,정선한교,2021-07-05 00:25:00,0.0,0.0,0.0,60.01
5786,정선한교,2021-07-05 00:26:00,0.0,0.0,0.0,60.01
5787,정선한교,2021-07-05 00:27:00,0.0,0.0,0.0,60.01
5788,정선한교,2021-07-05 00:28:00,0.0,0.0,0.0,59.99
5789,정선한교,2021-07-05 00:29:00,0.0,0.0,0.0,59.99
5790,정선한교,2021-07-05 00:30:00,0.0,0.0,0.0,59.99
5791,정선한교,2021-07-05 00:31:00,0.0,0.0,0.0,60.0
5792,정선한교,2021-07-05 00:32:00,0.0,0.0,0.0,60.0
5793,정선한교,2021-07-05 00:33:00,0.0,0.0,0.0,60.01
5794,정선한교,2021-07-05 00:34:00,0.0,0.0,0.0,59.98
5795,정선한교,2021-07-05 00:35:00,0.0,0.0,0.0,59.95
5796,정선한교,2021-07-05 00:36:00,0.0,0.0,0.0,59.95
5797,정선한교,2021-07-05 00:37:00,0.0,0.0,0.0,59.97
5798,정선한교,2021-07-05 00:38:00,0.0,0.0,0.0,59.97
5799,정선한교,2021-07-05 00:39:00,0.0,0.0,0.0,59.97
5800,정선한교,2021-07-05 00:40:00,0.0,0.0,0.0,59.97
5801,정선한교,2021-07-05 00:41:00,0.0,0.0,0.0,59.99
5802,정선한교,2021-07-05 00:42:00,0.0,0.0,0.0,59.99
5803,정선한교,2021-07-05 00:43:00,0.0,0.0,0.0,59.99
5804,정선한교,2021-07-05 00:44:00,0.0,0.0,0.0,60.0
5805,정선한교,2021-07-05 00:45:00,0.0,0.0,0.0,59.97
5806,정선한교,2021-07-05 00:46:00,0.0,0.0,0.0,59.97
5807,정선한교,2021-07-05 00:47:00,0.0,0.0,0.0,59.97
5808,정선한교,2021-07-05 00:48:00,0.0,0.0,0.0,60.02
5809,정선한교,2021-07-05 00:49:00,0.0,0.0,0.0,60.02
5810,정선한교,2021-07-05 00:50:00,0.0,0.0,0.0,60.02
5811,정선한교,2021-07-05 00:51:00,0.0,0.0,0.0,60.03
5812,정선한교,2021-07-05 00:52:00,0.0,0.0,0.0,59.99
5813,정선한교,2021-07-05 00:53:00,0.0,0.0,0.0,59.99
5814,정선한교,2021-07-05 00:54:00,0.0,0.0,0.0,59.97
5815,정선한교,2021-07-05 00:55:00,0.0,0.0,0.0,59.97
5816,정선한교,2021-07-05 00:56:00,0.0,0.0,0.0,59.97
5817,정선한교,2021-07-05 00:57:00,0.0,0.0,0.0,59.99
5818,정선한교,2021-07-05 00:58:00,0.0,0.0,0.0,60.01
5819,정선한교,2021-07-05 00:59:00,0.0,0.0,0.0,59.97
5820,정선한교,2021-07-05 01:00:00,0.0,0.0,0.0,59.97
5821,정선한교,2021-07-05 01:01:00,0.0,0.0,0.0,59.98
5822,정선한교,2021-07-05 01:02:00,0.0,0.0,0.0,59.98
5823,정선한교,2021-07-05 01:03:00,0.0,0.0,0.0,59.98
5824,정선한교,2021-07-05 01:04:00,0.0,0.0,0.0,60.0
5825,정선한교,2021-07-05 01:05:00,0.0,0.0,0.0,60.01
5826,정선한교,2021-07-05 01:06:00,0.0,0.0,0.0,60.01
5827,정선한교,2021-07-05 01:07:00,0.0,0.0,0.0,60.01
5828,정선한교,2021-07-05 01:08:00,0.0,0.0,0.0,59.99
5829,정선한교,2021-07-05 01:09:00,0.0,0.0,0.0,59.99
5830,정선한교,2021-07-05 01:10:00,0.0,0.0,0.0,59.99
5831,정선한교,2021-07-05 01:11:00,0.0,0.0,0.0,59.99
5832,정선한교,2021-07-05 01:12:00,0.0,0.0,0.0,60.0
5833,정선한교,2021-07-05 01:13:00,0.0,0.0,0.0,60.0
5834,정선한교,2021-07-05 01:14:00,0.0,0.0,0.0,60.01
5835,정선한교,2021-07-05 01:15:00,0.0,0.0,0.0,60.01
5836,정선한교,2021-07-05 01:16:00,0.0,0.0,0.0,59.97
5837,정선한교,2021-07-05 01:17:00,0.0,0.0,0.0,59.97
5838,정선한교,2021-07-05 01:18:00,0.0,0.0,0.0,59.98
5839,정선한교,2021-07-05 01:19:00,0.0,0.0,0.0,59.98
5840,정선한교,2021-07-05 01:20:00,0.0,0.0,0.0,59.98
5841,정선한교,2021-07-05 01:21:00,0.0,0.0,0.0,59.98
5842,정선한교,2021-07-05 01:22:00,0.0,0.0,0.0,59.99
5843,정선한교,2021-07-05 01:23:00,0.0,0.0,0.0,59.98
5844,정선한교,2021-07-05 01:24:00,0.0,0.0,0.0,59.98
5845,정선한교,2021-07-05 01:25:00,0.0,0.0,0.0,59.98
5846,정선한교,2021-07-05 01:26:00,0.0,0.0,0.0,59.98
5847,정선한교,2021-07-05 01:27:00,0.0,0.0,0.0,59.98
5848,정선한교,2021-07-05 01:28:00,0.0,0.0,0.0,59.98
5849,정선한교,2021-07-05 01:29:00,0.0,0.0,0.0,59.97
5850,정선한교,2021-07-05 01:30:00,0.0,0.0,0.0,59.97
5851,정선한교,2021-07-05 01:31:00,0.0,0.0,0.0,59.97
5852,정선한교,2021-07-05 01:32:00,0.0,0.0,0.0,60.0
5853,정선한교,2021-07-05 01:33:00,0.0,0.0,0.0,60.02
5854,정선한교,2021-07-05 01:34:00,0.0,0.0,0.0,60.02
5855,정선한교,2021-07-05 01:35:00,0.0,0.0,0.0,60.02
5856,정선한교,2021-07-05 01:36:00,0.0,0.0,0.0,60.01
5857,정선한교,2021-07-05 01:37:00,0.0,0.0,0.0,60.01
5858,정선한교,2021-07-05 01:38:00,0.0,0.0,0.0,59.99
5859,정선한교,2021-07-05 01:39:00,0.0,0.0,0.0,59.99
5860,정선한교,2021-07-05 01:40:00,0.0,0.0,0.0,59.99
5861,정선한교,2021-07-05 01:41:00,0.0,0.0,0.0,60.01
5862,정선한교,2021-07-05 01:42:00,0.0,0.0,0.0,60.01
5863,정선한교,2021-07-05 01:43:00,0.0,0.0,0.0,60.01
5864,정선한교,2021-07-05 01:44:00,0.0,0.0,0.0,60.01
5865,정선한교,2021-07-05 01:45:00,0.0,0.0,0.0,59.99
5866,정선한교,2021-07-05 01:46:00,0.0,0.0,0.0,60.0
5867,정선한교,2021-07-05 01:47:00,0.0,0.0,0.0,60.0
5868,정선한교,2021-07-05 01:48:00,0.0,0.0,0.0,60.0
5869,정선한교,2021-07-05 01:49:00,0.0,0.0,0.0,60.0
5870,정선한교,2021-07-05 01:50:00,0.0,0.0,0.0,60.0
5871,정선한교,2021-07-05 01:51:00,0.0,0.0,0.0,60.01
5872,정선한교,2021-07-05 01:52:00,0.0,0.0,0.0,60.01
5873,정선한교,2021-07-05 01:53:00,0.0,0.0,0.0,60.01
5874,정선한교,2021-07-05 01:54:00,0.0,0.0,0.0,60.01
5875,정선한교,2021-07-05 01:55:00,0.0,0.0,0.0,60.01
5876,정선한교,2021-07-05 01:56:00,0.0,0.0,0.0,60.01
5877,정선한교,2021-07-05 01:57:00,0.0,0.0,0.0,60.01
5878,정선한교,2021-07-05 01:58:00,0.0,0.0,0.0,60.0
5879,정선한교,2021-07-05 01:59:00,0.0,0.0,0.0,60.01
5880,정선한교,2021-07-05 02:00:00,0.0,0.0,0.0,60.01
5881,정선한교,2021-07-05 02:01:00,0.0,0.0,0.0,60.01
5882,정선한교,2021-07-05 02:02:00,0.0,0.0,0.0,59.99
5883,정선한교,2021-07-05 02:03:00,0.0,0.0,0.0,60.01
5884,정선한교,2021-07-05 02:04:00,0.0,0.0,0.0,60.01
5885,정선한교,2021-07-05 02:05:00,0.0,0.0,0.0,60.01
5886,정선한교,2021-07-05 02:06:00,0.0,0.0,0.0,59.96
5887,정선한교,2021-07-05 02:07:00,0.0,0.0,0.0,59.96
5888,정선한교,2021-07-05 02:08:00,0.0,0.0,0.0,59.96
5889,정선한교,2021-07-05 02:09:00,0.0,0.0,0.0,59.96
5890,정선한교,2021-07-05 02:10:00,0.0,0.0,0.0,60.01
5891,정선한교,2021-07-05 02:11:00,0.0,0.0,0.0,60.01
5892,정선한교,2021-07-05 02:12:00,0.0,0.0,0.0,60.02
5893,정선한교,2021-07-05 02:13:00,0.0,0.0,0.0,60.01
5894,정선한교,2021-07-05 02:14:00,0.0,0.0,0.0,60.01
5895,정선한교,2021-07-05 02:15:00,0.0,0.0,0.0,59.97
5896,정선한교,2021-07-05 02:16:00,0.0,0.0,0.0,59.97
5897,정선한교,2021-07-05 02:17:00,0.0,0.0,0.0,60.0
5898,정선한교,2021-07-05 02:18:00,0.0,0.0,0.0,60.0
5899,정선한교,2021-07-05 02:19:00,0.0,0.0,0.0,60.0
5900,정선한교,2021-07-05 02:20:00,0.0,0.0,0.0,60.0
5901,정선한교,2021-07-05 02:21:00,0.0,0.0,0.0,60.0
5902,정선한교,2021-07-05 02:22:00,0.0,0.0,0.0,60.03
5903,정선한교,2021-07-05 02:23:00,0.0,0.0,0.0,60.01
5904,정선한교,2021-07-05 02:24:00,0.0,0.0,0.0,60.01
5905,정선한교,2021-07-05 02:25:00,0.0,0.0,0.0,60.01
5906,정선한교,2021-07-05 02:26:00,0.0,0.0,0.0,60.02
5907,정선한교,2021-07-05 02:27:00,0.0,0.0,0.0,60.0
5908,정선한교,2021-07-05 02:28:00,0.0,0.0,0.0,60.0
5909,정선한교,2021-07-05 02:29:00,0.0,0.0,0.0,59.99
5910,정선한교,2021-07-05 02:30:00,0.0,0.0,0.0,59.95
5911,정선한교,2021-07-05 02:31:00,0.0,0.0,0.0,59.95
5912,정선한교,2021-07-05 02:32:00,0.0,0.0,0.0,60.0
5913,정선한교,2021-07-05 02:33:00,0.0,0.0,0.0,60.02
5914,정선한교,2021-07-05 02:34:00,0.0,0.0,0.0,60.02
5915,정선한교,2021-07-05 02:35:00,0.0,0.0,0.0,60.05
5916,정선한교,2021-07-05 02:36:00,0.0,0.0,0.0,60.01
5917,정선한교,2021-07-05 02:37:00,0.0,0.0,0.0,60.01
5918,정선한교,2021-07-05 02:38:00,0.0,0.0,0.0,60.01
5919,정선한교,2021-07-05 02:39:00,0.0,0.0,0.0,59.99
5920,정선한교,2021-07-05 02:40:00,0.0,0.0,0.0,60.03
5921,정선한교,2021-07-05 02:41:00,0.0,0.0,0.0,60.03
5922,정선한교,2021-07-05 02:42:00,0.0,0.0,0.0,60.05
5923,정선한교,2021-07-05 02:43:00,0.0,0.0,0.0,60.0
5924,정선한교,2021-07-05 02:44:00,0.0,0.0,0.0,59.98
5925,정선한교,2021-07-05 02:45:00,0.0,0.0,0.0,59.98
5926,정선한교,2021-07-05 02:46:00,0.0,0.0,0.0,59.98
5927,정선한교,2021-07-05 02:47:00,0.0,0.0,0.0,59.98
5928,정선한교,2021-07-05 02:48:00,0.0,0.0,0.0,59.98
5929,정선한교,2021-07-05 02:49:00,0.0,0.0,0.0,60.0
5930,정선한교,2021-07-05 02:50:00,0.0,0.0,0.0,60.0
5931,정선한교,2021-07-05 02:51:00,0.0,0.0,0.0,59.99
5932,정선한교,2021-07-05 02:52:00,0.0,0.0,0.0,59.99
5933,정선한교,2021-07-05 02:53:00,0.0,0.0,0.0,59.99
5934,정선한교,2021-07-05 02:54:00,0.0,0.0,0.0,59.99
5935,정선한교,2021-07-05 02:55:00,0.0,0.0,0.0,59.99
5936,정선한교,2021-07-05 02:56:00,0.0,0.0,0.0,60.01
5937,정선한교,2021-07-05 02:57:00,0.0,0.0,0.0,60.01
5938,정선한교,2021-07-05 02:58:00,0.0,0.0,0.0,60.01
5939,정선한교,2021-07-05 02:59:00,0.0,0.0,0.0,60.0
5940,정선한교,2021-07-05 03:00:00,0.0,0.0,0.0,60.0
5941,정선한교,2021-07-05 03:01:00,0.0,0.0,0.0,60.0
5942,정선한교,2021-07-05 03:02:00,0.0,0.0,0.0,60.0
5943,정선한교,2021-07-05 03:03:00,0.0,0.0,0.0,59.97
5944,정선한교,2021-07-05 03:04:00,0.0,0.0,0.0,60.0
5945,정선한교,2021-07-05 03:05:00,0.0,0.0,0.0,60.0
5946,정선한교,2021-07-05 03:06:00,0.0,0.0,0.0,60.0
5947,정선한교,2021-07-05 03:07:00,0.0,0.0,0.0,60.02
5948,정선한교,2021-07-05 03:08:00,0.0,0.0,0.0,60.02
5949,정선한교,2021-07-05 03:09:00,0.0,0.0,0.0,60.02
5950,정선한교,2021-07-05 03:10:00,0.0,0.0,0.0,60.02
5951,정선한교,2021-07-05 03:11:00,0.0,0.0,0.0,60.0
5952,정선한교,2021-07-05 03:12:00,0.0,0.0,0.0,60.0
5953,정선한교,2021-07-05 03:13:00,0.0,0.0,0.0,60.0
5954,정선한교,2021-07-05 03:14:00,0.0,0.0,0.0,59.99
5955,정선한교,2021-07-05 03:15:00,0.0,0.0,0.0,59.99
5956,정선한교,2021-07-05 03:16:00,0.0,0.0,0.0,59.97
5957,정선한교,2021-07-05 03:17:00,0.0,0.0,0.0,59.99
5958,정선한교,2021-07-05 03:18:00,0.0,0.0,0.0,59.99
5959,정선한교,2021-07-05 03:19:00,0.0,0.0,0.0,59.99
5960,정선한교,2021-07-05 03:20:00,0.0,0.0,0.0,59.99
5961,정선한교,2021-07-05 03:21:00,0.0,0.0,0.0,60.0
5962,정선한교,2021-07-05 03:22:00,0.0,0.0,0.0,60.0
5963,정선한교,2021-07-05 03:23:00,0.0,0.0,0.0,60.01
5964,정선한교,2021-07-05 03:24:00,0.0,0.0,0.0,60.0
5965,정선한교,2021-07-05 03:25:00,0.0,0.0,0.0,59.99
5966,정선한교,2021-07-05 03:26:00,0.0,0.0,0.0,59.99
5967,정선한교,2021-07-05 03:27:00,0.0,0.0,0.0,59.99
5968,정선한교,2021-07-05 03:28:00,0.0,0.0,0.0,60.02
5969,정선한교,2021-07-05 03:29:00,0.0,0.0,0.0,60.02
5970,정선한교,2021-07-05 03:30:00,0.0,0.0,0.0,60.02
5971,정선한교,2021-07-05 03:31:00,0.0,0.0,0.0,60.02
5972,정선한교,2021-07-05 03:32:00,0.0,0.0,0.0,60.02
5973,정선한교,2021-07-05 03:33:00,0.0,0.0,0.0,60.02
5974,정선한교,2021-07-05 03:34:00,0.0,0.0,0.0,60.01
5975,정선한교,2021-07-05 03:35:00,0.0,0.0,0.0,60.01
5976,정선한교,2021-07-05 03:36:00,0.0,0.0,0.0,60.01
5977,정선한교,2021-07-05 03:37:00,0.0,0.0,0.0,60.03
5978,정선한교,2021-07-05 03:38:00,0.0,0.0,0.0,60.03
5979,정선한교,2021-07-05 03:39:00,0.0,0.0,0.0,60.03
5980,정선한교,2021-07-05 03:40:00,0.0,0.0,0.0,60.03
5981,정선한교,2021-07-05 03:41:00,0.0,0.0,0.0,60.02
5982,정선한교,2021-07-05 03:42:00,0.0,0.0,0.0,60.02
5983,정선한교,2021-07-05 03:43:00,0.0,0.0,0.0,59.98
5984,정선한교,2021-07-05 03:44:00,0.0,0.0,0.0,59.98
5985,정선한교,2021-07-05 03:45:00,0.0,0.0,0.0,60.02
5986,정선한교,2021-07-05 03:46:00,0.0,0.0,0.0,60.02
5987,정선한교,2021-07-05 03:47:00,0.0,0.0,0.0,60.01
5988,정선한교,2021-07-05 03:48:00,0.0,0.0,0.0,60.01
5989,정선한교,2021-07-05 03:49:00,0.0,0.0,0.0,60.01
5990,정선한교,2021-07-05 03:50:00,0.0,0.0,0.0,59.99
5991,정선한교,2021-07-05 03:51:00,0.0,0.0,0.0,59.97
5992,정선한교,2021-07-05 03:52:00,0.0,0.0,0.0,59.97
5993,정선한교,2021-07-05 03:53:00,0.0,0.0,0.0,59.97
5994,정선한교,2021-07-05 03:54:00,0.0,0.0,0.0,60.0
5995,정선한교,2021-07-05 03:55:00,0.0,0.0,0.0,60.0
5996,정선한교,2021-07-05 03:56:00,0.0,0.0,0.0,60.0
5997,정선한교,2021-07-05 03:57:00,0.0,0.0,0.0,60.01
5998,정선한교,2021-07-05 03:58:00,0.0,0.0,0.0,60.01
5999,정선한교,2021-07-05 03:59:00,0.0,0.0,0.0,60.01
6000,정선한교,2021-07-05 04:00:00,0.0,0.0,0.0,59.95
6001,정선한교,2021-07-05 04:01:00,0.0,0.0,0.0,59.95
6002,정선한교,2021-07-05 04:02:00,0.0,0.0,0.0,60.0
6003,정선한교,2021-07-05 04:03:00,0.0,0.0,0.0,60.0
6004,정선한교,2021-07-05 04:04:00,0.0,0.0,0.0,60.01
6005,정선한교,2021-07-05 04:05:00,0.0,0.0,0.0,60.01
6006,정선한교,2021-07-05 04:06:00,0.0,0.0,0.0,60.01
6007,정선한교,2021-07-05 04:07:00,0.0,0.0,0.0,59.98
6008,정선한교,2021-07-05 04:08:00,0.0,0.0,0.0,59.97
6009,정선한교,2021-07-05 04:09:00,0.0,0.0,0.0,59.97
6010,정선한교,2021-07-05 04:10:00,0.0,0.0,0.0,59.97
6011,정선한교,2021-07-05 04:11:00,0.0,0.0,0.0,60.0
6012,정선한교,2021-07-05 04:12:00,0.0,0.0,0.0,60.0
6013,정선한교,2021-07-05 04:13:00,0.0,0.0,0.0,60.0
6014,정선한교,2021-07-05 04:14:00,0.0,0.0,0.0,60.0
6015,정선한교,2021-07-05 04:15:00,0.0,0.0,0.0,59.99
6016,정선한교,2021-07-05 04:16:00,0.0,0.0,0.0,59.99
6017,정선한교,2021-07-05 04:17:00,0.0,0.0,0.0,59.98
6018,정선한교,2021-07-05 04:18:00,0.0,0.0,0.0,59.98
6019,정선한교,2021-07-05 04:19:00,0.0,0.0,0.0,60.01
6020,정선한교,2021-07-05 04:20:00,0.0,0.0,0.0,60.01
6021,정선한교,2021-07-05 04:21:00,0.0,0.0,0.0,60.04
6022,정선한교,2021-07-05 04:22:00,0.0,0.0,0.0,60.04
6023,정선한교,2021-07-05 04:23:00,0.0,0.0,0.0,60.04
6024,정선한교,2021-07-05 04:24:00,0.0,0.0,0.0,60.01
6025,정선한교,2021-07-05 04:25:00,0.0,0.0,0.0,60.01
6026,정선한교,2021-07-05 04:26:00,0.0,0.0,0.0,60.01
6027,정선한교,2021-07-05 04:27:00,0.0,0.0,0.0,60.0
6028,정선한교,2021-07-05 04:28:00,0.0,0.0,0.0,60.02
6029,정선한교,2021-07-05 04:29:00,0.0,0.0,0.0,60.0
6030,정선한교,2021-07-05 04:30:00,0.0,0.0,0.0,60.0
6031,정선한교,2021-07-05 04:31:00,0.0,0.0,0.0,59.99
6032,정선한교,2021-07-05 04:32:00,0.0,0.0,0.0,60.0
6033,정선한교,2021-07-05 04:33:00,0.0,0.0,0.0,60.0
6034,정선한교,2021-07-05 04:34:00,0.0,0.0,0.0,60.0
6035,정선한교,2021-07-05 04:35:00,0.0,0.0,0.0,59.95
6036,정선한교,2021-07-05 04:36:00,0.0,0.0,0.0,60.0
6037,정선한교,2021-07-05 04:37:00,0.0,0.0,0.0,60.0
6038,정선한교,2021-07-05 04:38:00,0.0,0.0,0.0,60.0
6039,정선한교,2021-07-05 04:39:00,0.0,0.0,0.0,60.0
6040,정선한교,2021-07-05 04:40:00,0.0,0.0,0.0,60.0
6041,정선한교,2021-07-05 04:41:00,0.0,0.0,0.0,60.0
6042,정선한교,2021-07-05 04:42:00,0.0,0.0,0.0,60.02
6043,정선한교,2021-07-05 04:43:00,0.0,0.0,0.0,60.02
6044,정선한교,2021-07-05 04:44:00,0.0,0.0,0.0,60.0
6045,정선한교,2021-07-05 04:45:00,0.0,0.0,0.0,60.02
6046,정선한교,2021-07-05 04:46:00,0.0,0.0,0.0,60.02
6047,정선한교,2021-07-05 04:47:00,0.0,0.0,0.0,60.02
6048,정선한교,2021-07-05 04:48:00,0.0,0.0,0.0,60.03
6049,정선한교,2021-07-05 04:49:00,0.0,0.0,0.0,60.01
6050,정선한교,2021-07-05 04:50:00,0.0,0.0,0.0,60.01
6051,정선한교,2021-07-05 04:51:00,0.0,0.0,0.0,60.0
6052,정선한교,2021-07-05 04:52:00,0.0,0.0,0.0,60.01
6053,정선한교,2021-07-05 04:53:00,0.0,0.0,0.0,60.01
6054,정선한교,2021-07-05 04:54:00,0.0,0.0,0.0,59.98
6055,정선한교,2021-07-05 04:55:00,0.0,0.0,0.0,59.97
6056,정선한교,2021-07-05 04:56:00,0.0,0.0,0.0,60.0
6057,정선한교,2021-07-05 04:57:00,0.0,0.0,0.0,60.0
6058,정선한교,2021-07-05 04:58:00,0.0,0.0,0.0,60.0
6059,정선한교,2021-07-05 04:59:00,0.0,0.0,0.0,60.0
6060,정선한교,2021-07-05 05:00:00,0.0,0.0,0.0,60.0
6061,정선한교,2021-07-05 05:01:00,0.0,0.0,0.0,59.99
6062,정선한교,2021-07-05 05:02:00,0.0,0.0,0.0,59.97
6063,정선한교,2021-07-05 05:03:00,0.0,0.0,0.0,59.97
6064,정선한교,2021-07-05 05:04:00,0.0,0.0,0.0,59.97
6065,정선한교,2021-07-05 05:05:00,0.0,0.0,0.0,59.98
6066,정선한교,2021-07-05 05:06:00,0.0,0.0,0.0,59.99
6067,정선한교,2021-07-05 05:07:00,0.0,0.0,0.0,59.99
6068,정선한교,2021-07-05 05:08:00,0.0,0.0,0.0,60.01
6069,정선한교,2021-07-05 05:09:00,0.0,0.0,0.0,60.0
6070,정선한교,2021-07-05 05:10:00,0.0,0.0,0.0,60.0
6071,정선한교,2021-07-05 05:11:00,0.0,0.0,0.0,59.98
6072,정선한교,2021-07-05 05:12:00,0.0,0.0,0.0,59.96
6073,정선한교,2021-07-05 05:13:00,0.0,0.0,0.0,60.0
6074,정선한교,2021-07-05 05:14:00,0.0,0.0,0.0,60.0
6075,정선한교,2021-07-05 05:15:00,0.0,0.0,0.0,59.98
6076,정선한교,2021-07-05 05:16:00,0.0,0.0,0.0,59.99
6077,정선한교,2021-07-05 05:17:00,0.0,0.0,0.0,59.99
6078,정선한교,2021-07-05 05:18:00,0.0,0.0,0.0,59.99
6079,정선한교,2021-07-05 05:19:00,0.0,0.0,0.0,59.99
6080,정선한교,2021-07-05 05:20:00,0.0,0.0,0.0,59.99
6081,정선한교,2021-07-05 05:21:00,0.0,0.0,0.0,59.99
6082,정선한교,2021-07-05 05:22:00,0.0,0.0,0.0,60.0
6083,정선한교,2021-07-05 05:23:00,0.0,0.0,0.0,59.98
6084,정선한교,2021-07-05 05:24:00,0.0,0.0,0.0,59.98
6085,정선한교,2021-07-05 05:25:00,0.0,0.0,0.0,59.98
6086,정선한교,2021-07-05 05:26:00,0.0,0.0,0.0,59.99
6087,정선한교,2021-07-05 05:27:00,0.0,0.0,0.0,59.99
6088,정선한교,2021-07-05 05:28:00,0.0,0.0,0.0,59.99
6089,정선한교,2021-07-05 05:29:00,0.0,0.0,0.0,59.98
6090,정선한교,2021-07-05 05:30:00,0.0,0.0,0.0,59.98
6091,정선한교,2021-07-05 05:31:00,0.0,0.0,0.0,60.02
6092,정선한교,2021-07-05 05:32:00,0.0,0.0,0.0,60.01
6093,정선한교,2021-07-05 05:33:00,0.0,0.0,0.0,59.99
6094,정선한교,2021-07-05 05:34:00,0.0,0.0,0.0,59.99
6095,정선한교,2021-07-05 05:35:00,0.0,0.0,0.0,59.98
6096,정선한교,2021-07-05 05:36:00,0.0,0.0,0.0,59.97
6097,정선한교,2021-07-05 05:37:00,0.0,0.0,0.0,59.97
6098,정선한교,2021-07-05 05:38:00,0.0,0.0,0.0,59.95
6099,정선한교,2021-07-05 05:39:00,0.0,0.0,0.0,59.98
6100,정선한교,2021-07-05 05:40:00,0.0,0.0,0.0,59.98
6101,정선한교,2021-07-05 05:41:00,0.0,0.0,0.0,60.02
6102,정선한교,2021-07-05 05:42:00,0.0,0.0,0.0,60.03
6103,정선한교,2021-07-05 05:43:00,0.0,0.0,0.0,60.01
6104,정선한교,2021-07-05 05:44:00,0.0,0.0,0.0,60.01
6105,정선한교,2021-07-05 05:45:00,0.0,0.0,0.0,60.0
6106,정선한교,2021-07-05 05:46:00,0.0,0.0,0.0,59.97
6107,정선한교,2021-07-05 05:47:00,0.0,0.0,0.0,59.97
6108,정선한교,2021-07-05 05:48:00,0.0,0.0,0.0,59.97
6109,정선한교,2021-07-05 05:49:00,0.0,0.0,0.0,59.99
6110,정선한교,2021-07-05 05:50:00,0.0,0.0,0.0,59.99
6111,정선한교,2021-07-05 05:51:00,0.0,0.0,0.0,60.01
6112,정선한교,2021-07-05 05:52:00,0.0,0.0,0.0,60.01
6113,정선한교,2021-07-05 05:53:00,0.0,0.0,0.0,60.0
6114,정선한교,2021-07-05 05:54:00,0.0,0.0,0.0,60.0
6115,정선한교,2021-07-05 05:55:00,0.0,0.0,0.0,60.0
6116,정선한교,2021-07-05 05:56:00,0.0,0.0,0.0,60.0
6117,정선한교,2021-07-05 05:57:00,0.0,0.0,0.0,60.0
6118,정선한교,2021-07-05 05:58:00,0.0,0.0,0.0,59.99
6119,정선한교,2021-07-05 05:59:00,0.0,0.0,0.0,60.0
6120,정선한교,2021-07-05 06:00:00,0.0,0.0,0.0,60.0
6121,정선한교,2021-07-05 06:01:00,0.0,0.0,0.0,59.99
6122,정선한교,2021-07-05 06:02:00,0.0,0.0,0.0,59.99
6123,정선한교,2021-07-05 06:03:00,0.0,0.0,0.0,59.97
6124,정선한교,2021-07-05 06:04:00,0.0,0.0,0.0,59.97
6125,정선한교,2021-07-05 06:05:00,0.0,0.0,0.0,59.95
6126,정선한교,2021-07-05 06:06:00,0.0,0.0,0.0,59.96
6127,정선한교,2021-07-05 06:07:00,0.0,0.0,0.0,59.96
6128,정선한교,2021-07-05 06:08:00,0.0,0.0,0.0,60.01
6129,정선한교,2021-07-05 06:09:00,0.0,0.0,0.0,60.04
6130,정선한교,2021-07-05 06:10:00,0.0,0.0,0.0,60.04
6131,정선한교,2021-07-05 06:11:00,0.0,0.0,0.0,60.03
6132,정선한교,2021-07-05 06:12:00,0.0,0.0,0.0,59.99
6133,정선한교,2021-07-05 06:13:00,0.0,0.0,0.0,59.99
6134,정선한교,2021-07-05 06:14:00,0.0,0.0,0.0,59.99
6135,정선한교,2021-07-05 06:15:00,0.0,0.0,0.0,60.0
6136,정선한교,2021-07-05 06:16:00,0.0,0.0,0.0,60.01
6137,정선한교,2021-07-05 06:17:00,0.0,0.0,0.0,60.01
6138,정선한교,2021-07-05 06:18:00,0.0,0.0,0.0,59.99
6139,정선한교,2021-07-05 06:19:00,0.0,0.0,0.0,59.98
6140,정선한교,2021-07-05 06:20:00,0.0,0.0,0.0,59.98
6141,정선한교,2021-07-05 06:21:00,0.0,0.0,0.0,59.97
6142,정선한교,2021-07-05 06:22:00,0.0,0.0,0.0,59.97
6143,정선한교,2021-07-05 06:23:00,0.0,0.0,0.0,59.97
6144,정선한교,2021-07-05 06:24:00,0.0,0.0,0.0,59.97
6145,정선한교,2021-07-05 06:25:00,0.0,0.0,0.0,59.99
6146,정선한교,2021-07-05 06:26:00,0.0,0.0,0.0,59.99
6147,정선한교,2021-07-05 06:27:00,0.0,0.0,0.0,59.99
6148,정선한교,2021-07-05 06:28:00,0.0,0.0,0.0,59.99
6149,정선한교,2021-07-05 06:29:00,0.0,0.0,0.0,60.0
6150,정선한교,2021-07-05 06:30:00,0.0,0.0,0.0,60.0
6151,정선한교,2021-07-05 06:31:00,0.0,0.0,0.0,60.0
6152,정선한교,2021-07-05 06:32:00,0.0,0.0,0.0,60.0
6153,정선한교,2021-07-05 06:33:00,0.0,0.0,0.0,60.0
6154,정선한교,2021-07-05 06:34:00,0.0,0.0,0.0,60.0
6155,정선한교,2021-07-05 06:35:00,0.0,0.0,0.0,59.97
6156,정선한교,2021-07-05 06:36:00,0.0,0.0,0.0,59.97
6157,정선한교,2021-07-05 06:37:00,0.0,0.0,0.0,59.97
6158,정선한교,2021-07-05 06:38:00,0.0,0.0,0.0,60.02
6159,정선한교,2021-07-05 06:39:00,0.0,0.0,0.0,60.01
6160,정선한교,2021-07-05 06:40:00,0.0,0.0,0.0,60.01
6161,정선한교,2021-07-05 06:41:00,0.0,0.0,0.0,60.01
6162,정선한교,2021-07-05 06:42:00,0.0,0.0,0.0,59.99
6163,정선한교,2021-07-05 06:43:00,0.0,0.0,0.0,59.99
6164,정선한교,2021-07-05 06:44:00,0.0,0.0,0.0,59.99
6165,정선한교,2021-07-05 06:45:00,0.0,0.0,0.0,60.0
6166,정선한교,2021-07-05 06:46:00,0.0,0.0,0.0,60.01
6167,정선한교,2021-07-05 06:47:00,0.0,0.0,0.0,60.01
6168,정선한교,2021-07-05 06:48:00,0.0,0.0,0.0,60.0
6169,정선한교,2021-07-05 06:49:00,0.0,0.0,0.0,60.01
6170,정선한교,2021-07-05 06:50:00,0.0,0.0,0.0,60.0
6171,정선한교,2021-07-05 06:51:00,0.0,0.0,0.0,60.0
6172,정선한교,2021-07-05 06:52:00,0.0,0.0,0.0,60.03
6173,정선한교,2021-07-05 06:53:00,0.0,0.0,0.0,60.01
6174,정선한교,2021-07-05 06:54:00,0.0,0.0,0.0,60.01
6175,정선한교,2021-07-05 06:55:00,0.0,0.0,0.0,59.98
6176,정선한교,2021-07-05 06:56:00,0.0,0.0,0.0,59.97
6177,정선한교,2021-07-05 06:57:00,0.0,0.0,0.0,60.01
6178,정선한교,2021-07-05 06:58:00,0.0,0.0,0.0,60.01
6179,정선한교,2021-07-05 06:59:00,0.0,0.0,0.0,59.97
6180,정선한교,2021-07-05 07:00:00,0.0,0.0,0.0,59.98
6181,정선한교,2021-07-05 07:01:00,0.0,0.0,0.0,59.98
6182,정선한교,2021-07-05 07:02:00,0.0,0.0,0.0,60.0
6183,정선한교,2021-07-05 07:03:00,0.0,0.0,0.0,60.0
6184,정선한교,2021-07-05 07:04:00,0.0,0.0,0.0,60.0
6185,정선한교,2021-07-05 07:05:00,0.0,0.0,0.0,59.96
6186,정선한교,2021-07-05 07:06:00,0.0,0.0,0.0,59.93
6187,정선한교,2021-07-05 07:07:00,0.0,0.0,0.0,59.93
6188,정선한교,2021-07-05 07:08:00,0.0,0.0,0.0,59.95
6189,정선한교,2021-07-05 07:09:00,0.0,0.0,0.0,60.01
6190,정선한교,2021-07-05 07:10:00,0.0,0.0,0.0,60.01
6191,정선한교,2021-07-05 07:11:00,0.0,0.0,0.0,60.01
6192,정선한교,2021-07-05 07:12:00,0.0,0.0,0.0,59.99
6193,정선한교,2021-07-05 07:13:00,0.0,0.0,0.0,59.99
6194,정선한교,2021-07-05 07:14:00,0.0,0.0,0.0,59.99
6195,정선한교,2021-07-05 07:15:00,0.0,0.0,0.0,59.99
6196,정선한교,2021-07-05 07:16:00,0.0,0.0,0.0,60.01
6197,정선한교,2021-07-05 07:17:00,0.0,0.0,0.0,60.01
6198,정선한교,2021-07-05 07:18:00,0.0,0.0,0.0,60.01
6199,정선한교,2021-07-05 07:19:00,0.0,0.0,0.0,60.0
6200,정선한교,2021-07-05 07:20:00,0.0,0.0,0.0,59.98
6201,정선한교,2021-07-05 07:21:00,0.0,0.0,0.0,59.98
6202,정선한교,2021-07-05 07:22:00,0.0,0.0,0.0,59.98
6203,정선한교,2021-07-05 07:23:00,0.0,0.0,0.0,59.98
6204,정선한교,2021-07-05 07:24:00,0.0,0.0,0.0,59.98
6205,정선한교,2021-07-05 07:25:00,0.0,0.0,0.0,59.99
6206,정선한교,2021-07-05 07:26:00,0.0,0.0,0.0,59.95
6207,정선한교,2021-07-05 07:27:00,0.0,0.0,0.0,59.95
6208,정선한교,2021-07-05 07:28:00,0.0,0.0,0.0,59.95
6209,정선한교,2021-07-05 07:29:00,0.0,0.0,0.0,59.99
6210,정선한교,2021-07-05 07:30:00,0.0,0.0,0.0,60.0
6211,정선한교,2021-07-05 07:31:00,0.0,0.0,0.0,60.0
6212,정선한교,2021-07-05 07:32:00,0.0,0.0,0.0,60.0
6213,정선한교,2021-07-05 07:33:00,0.0,0.0,0.0,59.98
6214,정선한교,2021-07-05 07:34:00,0.0,0.0,0.0,59.98
6215,정선한교,2021-07-05 07:35:00,0.0,0.0,0.0,59.99
6216,정선한교,2021-07-05 07:36:00,0.0,0.0,0.0,59.99
6217,정선한교,2021-07-05 07:37:00,0.0,0.0,0.0,59.99
6218,정선한교,2021-07-05 07:38:00,0.0,0.0,0.0,59.99
6219,정선한교,2021-07-05 07:39:00,0.0,0.0,0.0,59.96
6220,정선한교,2021-07-05 07:40:00,0.0,0.0,0.0,59.96
6221,정선한교,2021-07-05 07:41:00,0.0,0.0,0.0,59.96
6222,정선한교,2021-07-05 07:42:00,0.0,0.0,0.0,59.95
6223,정선한교,2021-07-05 07:43:00,0.0,0.0,0.0,59.99
6224,정선한교,2021-07-05 07:44:00,0.0,0.0,0.0,59.99
6225,정선한교,2021-07-05 07:45:00,0.0,0.0,0.0,59.99
6226,정선한교,2021-07-05 07:46:00,0.0,0.0,0.0,60.02
6227,정선한교,2021-07-05 07:47:00,0.0,0.0,0.0,60.02
6228,정선한교,2021-07-05 07:48:00,0.0,0.0,0.0,60.02
6229,정선한교,2021-07-05 07:49:00,0.0,0.0,0.0,60.0
6230,정선한교,2021-07-05 07:50:00,0.0,0.0,0.0,60.01
6231,정선한교,2021-07-05 07:51:00,0.0,0.0,0.0,60.01
6232,정선한교,2021-07-05 07:52:00,0.0,0.0,0.0,60.02
6233,정선한교,2021-07-05 07:53:00,0.0,0.0,0.0,60.0
6234,정선한교,2021-07-05 07:54:00,0.0,0.0,0.0,59.98
6235,정선한교,2021-07-05 07:55:00,0.0,0.0,0.0,59.98
6236,정선한교,2021-07-05 07:56:00,0.0,0.0,0.0,59.95
6237,정선한교,2021-07-05 07:57:00,0.0,0.0,0.0,59.94
6238,정선한교,2021-07-05 07:58:00,0.0,0.0,0.0,59.94
6239,정선한교,2021-07-05 07:59:00,0.0,0.0,0.0,59.99
6240,정선한교,2021-07-05 08:00:00,0.0,0.0,0.0,60.02
6241,정선한교,2021-07-05 08:01:00,0.0,0.0,0.0,60.0
6242,정선한교,2021-07-05 08:02:00,0.0,0.0,0.0,60.0
6243,정선한교,2021-07-05 08:03:00,0.0,0.0,0.0,60.01
6244,정선한교,2021-07-05 08:04:00,0.0,0.0,0.0,60.01
6245,정선한교,2021-07-05 08:05:00,0.0,0.0,0.0,60.01
6246,정선한교,2021-07-05 08:06:00,0.0,0.0,0.0,60.01
6247,정선한교,2021-07-05 08:07:00,0.0,0.0,0.0,59.99
6248,정선한교,2021-07-05 08:08:00,0.0,0.0,0.0,59.99
6249,정선한교,2021-07-05 08:09:00,0.0,0.0,0.0,59.98
6250,정선한교,2021-07-05 08:10:00,0.0,0.0,0.0,59.96
6251,정선한교,2021-07-05 08:11:00,0.0,0.0,0.0,59.97
6252,정선한교,2021-07-05 08:12:00,0.0,0.0,0.0,59.97
6253,정선한교,2021-07-05 08:13:00,0.0,0.0,0.0,59.99
6254,정선한교,2021-07-05 08:14:00,0.0,0.0,0.0,60.0
6255,정선한교,2021-07-05 08:15:00,0.0,0.0,0.0,60.0
6256,정선한교,2021-07-05 08:16:00,0.0,0.0,0.0,59.98
6257,정선한교,2021-07-05 08:17:00,0.0,0.0,0.0,59.98
6258,정선한교,2021-07-05 08:18:00,0.0,0.0,0.0,59.98
6259,정선한교,2021-07-05 08:19:00,0.0,0.0,0.0,59.97
6260,정선한교,2021-07-05 08:20:00,0.0,0.0,0.0,59.97
6261,정선한교,2021-07-05 08:21:00,0.0,0.0,0.0,59.98
6262,정선한교,2021-07-05 08:22:00,0.0,0.0,0.0,59.98
6263,정선한교,2021-07-05 08:23:00,0.0,0.0,0.0,60.01
6264,정선한교,2021-07-05 08:24:00,0.0,0.0,0.0,59.99
6265,정선한교,2021-07-05 08:25:00,0.0,0.0,0.0,59.99
6266,정선한교,2021-07-05 08:26:00,0.0,0.0,0.0,59.99
6267,정선한교,2021-07-05 08:27:00,0.0,0.0,0.0,60.0
6268,정선한교,2021-07-05 08:28:00,0.0,0.0,0.0,59.98
6269,정선한교,2021-07-05 08:29:00,0.0,0.0,0.0,59.98
6270,정선한교,2021-07-05 08:30:00,0.0,0.0,0.0,59.98
6271,정선한교,2021-07-05 08:31:00,0.0,0.0,0.0,59.98
6272,정선한교,2021-07-05 08:32:00,0.0,0.0,0.0,59.98
6273,정선한교,2021-07-05 08:33:00,0.0,0.0,0.0,59.99
6274,정선한교,2021-07-05 08:34:00,0.0,0.0,0.0,59.99
6275,정선한교,2021-07-05 08:35:00,0.0,0.0,0.0,59.99
6276,정선한교,2021-07-05 08:36:00,0.0,0.0,0.0,59.98
6277,정선한교,2021-07-05 08:37:00,0.0,0.0,0.0,59.98
6278,정선한교,2021-07-05 08:38:00,0.0,0.0,0.0,59.98
6279,정선한교,2021-07-05 08:39:00,0.0,0.0,0.0,60.0
6280,정선한교,2021-07-05 08:40:00,0.0,0.0,0.0,60.03
6281,정선한교,2021-07-05 08:41:00,0.0,0.0,0.0,60.03
6282,정선한교,2021-07-05 08:42:00,0.0,0.0,0.0,60.03
6283,정선한교,2021-07-05 08:43:00,0.0,0.0,0.0,60.01
6284,정선한교,2021-07-05 08:44:00,0.0,0.0,0.0,60.01
6285,정선한교,2021-07-05 08:45:00,0.0,0.0,0.0,60.0
6286,정선한교,2021-07-05 08:46:00,0.0,0.0,0.0,60.02
6287,정선한교,2021-07-05 08:47:00,0.0,0.0,0.0,60.02
6288,정선한교,2021-07-05 08:48:00,0.0,0.0,0.0,60.02
6289,정선한교,2021-07-05 08:49:00,0.0,0.0,0.0,59.98
6290,정선한교,2021-07-05 08:50:00,0.0,0.0,0.0,59.99
6291,정선한교,2021-07-05 08:51:00,0.0,0.0,0.0,59.99
6292,정선한교,2021-07-05 08:52:00,0.0,0.0,0.0,60.0
6293,정선한교,2021-07-05 08:53:00,0.0,0.0,0.0,60.0
6294,정선한교,2021-07-05 08:54:00,0.0,0.0,0.0,60.0
6295,정선한교,2021-07-05 08:55:00,0.0,0.0,0.0,59.98
6296,정선한교,2021-07-05 08:56:00,0.0,0.0,0.0,60.01
6297,정선한교,2021-07-05 08:57:00,0.0,0.0,0.0,60.01
6298,정선한교,2021-07-05 08:58:00,0.0,0.0,0.0,60.01
6299,정선한교,2021-07-05 08:59:00,0.0,0.0,0.0,60.0
6300,정선한교,2021-07-05 09:00:00,0.0,0.0,0.0,60.0
6301,정선한교,2021-07-05 09:01:00,0.0,0.0,0.0,59.99
6302,정선한교,2021-07-05 09:02:00,0.0,0.0,0.0,59.98
6303,정선한교,2021-07-05 09:03:00,0.0,0.0,0.0,59.98
6304,정선한교,2021-07-05 09:04:00,0.0,0.0,0.0,60.0
6305,정선한교,2021-07-05 09:05:00,0.0,0.0,0.0,59.99
6306,정선한교,2021-07-05 09:06:00,0.0,0.0,0.0,59.99
6307,정선한교,2021-07-05 09:07:00,0.0,0.0,0.0,59.98
6308,정선한교,2021-07-05 09:08:00,0.0,0.0,0.0,59.98
6309,정선한교,2021-07-05 09:09:00,0.0,0.0,0.0,59.98
6310,정선한교,2021-07-05 09:10:00,0.0,0.0,0.0,59.97
6311,정선한교,2021-07-05 09:11:00,0.0,0.0,0.0,59.97
6312,정선한교,2021-07-05 09:12:00,0.0,0.0,0.0,59.97
6313,정선한교,2021-07-05 09:13:00,0.0,0.0,0.0,59.97
6314,정선한교,2021-07-05 09:14:00,0.0,0.0,0.0,59.97
6315,정선한교,2021-07-05 09:15:00,0.0,0.0,0.0,59.97
6316,정선한교,2021-07-05 09:16:00,0.0,0.0,0.0,59.99
6317,정선한교,2021-07-05 09:17:00,0.0,0.0,0.0,59.99
6318,정선한교,2021-07-05 09:18:00,0.0,0.0,0.0,59.99
6319,정선한교,2021-07-05 09:19:00,0.0,0.0,0.0,59.99
6320,정선한교,2021-07-05 09:20:00,0.0,0.0,0.0,59.99
6321,정선한교,2021-07-05 09:21:00,0.0,0.0,0.0,59.99
6322,정선한교,2021-07-05 09:22:00,0.0,0.0,0.0,60.01
6323,정선한교,2021-07-05 09:23:00,0.0,0.0,0.0,59.98
6324,정선한교,2021-07-05 09:24:00,0.0,0.0,0.0,59.98
6325,정선한교,2021-07-05 09:25:00,0.0,0.0,0.0,59.98
6326,정선한교,2021-07-05 09:26:00,0.0,0.0,0.0,59.99
6327,정선한교,2021-07-05 09:27:00,0.0,0.0,0.0,59.97
6328,정선한교,2021-07-05 09:28:00,0.0,0.0,0.0,59.97
6329,정선한교,2021-07-05 09:29:00,0.0,0.0,0.0,60.0
6330,정선한교,2021-07-05 09:30:00,0.0,0.0,0.0,60.02
6331,정선한교,2021-07-05 09:31:00,0.0,0.0,0.0,60.02
6332,정선한교,2021-07-05 09:32:00,0.0,0.0,0.0,60.0
6333,정선한교,2021-07-05 09:33:00,0.0,0.0,0.0,60.0
6334,정선한교,2021-07-05 09:34:00,0.0,0.0,0.0,60.0
6335,정선한교,2021-07-05 09:35:00,0.0,0.0,0.0,60.0
6336,정선한교,2021-07-05 09:36:00,0.0,0.0,0.0,60.0
6337,정선한교,2021-07-05 09:37:00,0.0,0.0,0.0,60.0
6338,정선한교,2021-07-05 09:38:00,0.0,0.0,0.0,59.99
6339,정선한교,2021-07-05 09:39:00,0.0,0.0,0.0,59.99
6340,정선한교,2021-07-05 09:40:00,0.0,0.0,0.0,59.99
6341,정선한교,2021-07-05 09:41:00,0.0,0.0,0.0,60.0
6342,정선한교,2021-07-05 09:42:00,0.0,0.0,0.0,59.99
6343,정선한교,2021-07-05 09:43:00,0.0,0.0,0.0,59.99
6344,정선한교,2021-07-05 09:44:00,0.0,0.0,0.0,60.0
6345,정선한교,2021-07-05 09:45:00,0.0,0.0,0.0,59.99
6346,정선한교,2021-07-05 09:46:00,0.0,0.0,0.0,59.99
6347,정선한교,2021-07-05 09:47:00,0.0,0.0,0.0,60.01
6348,정선한교,2021-07-05 09:48:00,0.0,0.0,0.0,60.0
6349,정선한교,2021-07-05 09:49:00,0.0,0.0,0.0,60.0
6350,정선한교,2021-07-05 09:50:00,0.0,0.0,0.0,59.99
6351,정선한교,2021-07-05 09:51:00,0.0,0.0,0.0,59.99
6352,정선한교,2021-07-05 09:52:00,0.0,0.0,0.0,59.99
6353,정선한교,2021-07-05 09:53:00,0.0,0.0,0.0,59.99
6354,정선한교,2021-07-05 09:54:00,0.0,0.0,0.0,60.0
6355,정선한교,2021-07-05 09:55:00,0.0,0.0,0.0,60.01
6356,정선한교,2021-07-05 09:56:00,0.0,0.0,0.0,60.01
6357,정선한교,2021-07-05 09:57:00,0.0,0.0,0.0,59.99
6358,정선한교,2021-07-05 09:58:00,0.0,0.0,0.0,59.99
6359,정선한교,2021-07-05 09:59:00,0.0,0.0,0.0,59.99
6360,정선한교,2021-07-05 10:00:00,0.0,0.0,0.0,60.01
6361,정선한교,2021-07-05 10:01:00,0.0,0.0,0.0,60.03
6362,정선한교,2021-07-05 10:02:00,0.0,0.0,0.0,60.03
6363,정선한교,2021-07-05 10:03:00,0.0,0.0,0.0,60.02
6364,정선한교,2021-07-05 10:04:00,0.0,0.0,0.0,60.01
6365,정선한교,2021-07-05 10:05:00,0.0,0.0,0.0,60.01
6366,정선한교,2021-07-05 10:06:00,0.0,0.0,0.0,60.0
6367,정선한교,2021-07-05 10:07:00,0.0,0.0,0.0,60.0
6368,정선한교,2021-07-05 10:08:00,0.0,0.0,0.0,60.0
6369,정선한교,2021-07-05 10:09:00,0.0,0.0,0.0,60.0
6370,정선한교,2021-07-05 10:10:00,0.0,0.0,0.0,60.0
6371,정선한교,2021-07-05 10:11:00,0.0,0.0,0.0,60.0
6372,정선한교,2021-07-05 10:12:00,0.0,0.0,0.0,60.0
6373,정선한교,2021-07-05 10:13:00,0.0,0.0,0.0,60.0
6374,정선한교,2021-07-05 10:14:00,0.0,0.0,0.0,60.0
6375,정선한교,2021-07-05 10:15:00,0.0,0.0,0.0,60.0
6376,정선한교,2021-07-05 10:16:00,0.0,0.0,0.0,60.01
6377,정선한교,2021-07-05 10:17:00,0.0,0.0,0.0,60.01
6378,정선한교,2021-07-05 10:18:00,0.0,0.0,0.0,60.02
6379,정선한교,2021-07-05 10:19:00,0.0,0.0,0.0,60.0
6380,정선한교,2021-07-05 10:20:00,0.0,0.0,0.0,60.0
6381,정선한교,2021-07-05 10:21:00,0.0,0.0,0.0,60.0
6382,정선한교,2021-07-05 10:22:00,0.0,0.0,0.0,59.98
6383,정선한교,2021-07-05 10:23:00,0.0,0.0,0.0,59.98
6384,정선한교,2021-07-05 10:24:00,0.0,0.0,0.0,59.98
6385,정선한교,2021-07-05 10:25:00,0.0,0.0,0.0,59.99
6386,정선한교,2021-07-05 10:26:00,0.0,0.0,0.0,59.98
6387,정선한교,2021-07-05 10:27:00,0.0,0.0,0.0,59.98
6388,정선한교,2021-07-05 10:28:00,0.0,0.0,0.0,60.02
6389,정선한교,2021-07-05 10:29:00,0.0,0.0,0.0,60.02
6390,정선한교,2021-07-05 10:30:00,0.0,0.0,0.0,60.02
6391,정선한교,2021-07-05 10:31:00,0.0,0.0,0.0,59.99
6392,정선한교,2021-07-05 10:32:00,0.0,0.0,0.0,59.97
6393,정선한교,2021-07-05 10:33:00,0.0,0.0,0.0,59.97
6394,정선한교,2021-07-05 10:34:00,0.0,0.0,0.0,59.99
6395,정선한교,2021-07-05 10:35:00,0.0,0.0,0.0,60.0
6396,정선한교,2021-07-05 10:36:00,0.0,0.0,0.0,60.0
6397,정선한교,2021-07-05 10:37:00,0.0,0.0,0.0,59.98
6398,정선한교,2021-07-05 10:38:00,0.0,0.0,0.0,60.0
6399,정선한교,2021-07-05 10:39:00,0.0,0.0,0.0,60.0
6400,정선한교,2021-07-05 10:40:00,0.0,0.0,0.0,60.0
6401,정선한교,2021-07-05 10:41:00,0.0,0.0,0.0,59.97
6402,정선한교,2021-07-05 10:42:00,0.0,0.0,0.0,59.97
6403,정선한교,2021-07-05 10:43:00,0.0,0.0,0.0,59.98
6404,정선한교,2021-07-05 10:44:00,0.0,0.0,0.0,59.98
6405,정선한교,2021-07-05 10:45:00,0.0,0.0,0.0,59.97
6406,정선한교,2021-07-05 10:46:00,0.0,0.0,0.0,59.97
6407,정선한교,2021-07-05 10:47:00,0.0,0.0,0.0,59.97
6408,정선한교,2021-07-05 10:48:00,0.0,0.0,0.0,60.0
6409,정선한교,2021-07-05 10:49:00,0.0,0.0,0.0,60.0
6410,정선한교,2021-07-05 10:50:00,0.0,0.0,0.0,59.98
6411,정선한교,2021-07-05 10:51:00,0.0,0.0,0.0,60.0
6412,정선한교,2021-07-05 10:52:00,0.0,0.0,0.0,60.0
6413,정선한교,2021-07-05 10:53:00,0.0,0.0,0.0,60.0
6414,정선한교,2021-07-05 10:54:00,0.0,0.0,0.0,60.0
6415,정선한교,2021-07-05 10:55:00,0.0,0.0,0.0,60.0
6416,정선한교,2021-07-05 10:56:00,0.0,0.0,0.0,60.01
6417,정선한교,2021-07-05 10:57:00,0.0,0.0,0.0,60.0
6418,정선한교,2021-07-05 10:58:00,0.0,0.0,0.0,60.0
6419,정선한교,2021-07-05 10:59:00,0.0,0.0,0.0,59.99
6420,정선한교,2021-07-05 11:00:00,0.0,0.0,0.0,59.98
6421,정선한교,2021-07-05 11:01:00,0.0,0.0,0.0,59.98
6422,정선한교,2021-07-05 11:02:00,0.0,0.0,0.0,60.0
6423,정선한교,2021-07-05 11:03:00,0.0,0.0,0.0,59.99
6424,정선한교,2021-07-05 11:04:00,0.0,0.0,0.0,59.99
6425,정선한교,2021-07-05 11:05:00,0.0,0.0,0.0,60.0
6426,정선한교,2021-07-05 11:06:00,0.0,0.0,0.0,60.01
6427,정선한교,2021-07-05 11:07:00,0.0,0.0,0.0,60.01
6428,정선한교,2021-07-05 11:08:00,0.0,0.0,0.0,60.01
6429,정선한교,2021-07-05 11:09:00,0.0,0.0,0.0,60.0
6430,정선한교,2021-07-05 11:10:00,0.0,0.0,0.0,60.0
6431,정선한교,2021-07-05 11:11:00,0.0,0.0,0.0,60.0
6432,정선한교,2021-07-05 11:12:00,0.0,0.0,0.0,59.99
6433,정선한교,2021-07-05 11:13:00,0.0,0.0,0.0,59.99
6434,정선한교,2021-07-05 11:14:00,0.0,0.0,0.0,59.99
6435,정선한교,2021-07-05 11:15:00,0.0,0.0,0.0,59.99
6436,정선한교,2021-07-05 11:16:00,0.0,0.0,0.0,59.99
6437,정선한교,2021-07-05 11:17:00,0.0,0.0,0.0,59.97
6438,정선한교,2021-07-05 11:18:00,0.0,0.0,0.0,59.98
6439,정선한교,2021-07-05 11:19:00,0.0,0.0,0.0,59.98
6440,정선한교,2021-07-05 11:20:00,0.0,0.0,0.0,59.99
6441,정선한교,2021-07-05 11:21:00,0.0,0.0,0.0,59.98
6442,정선한교,2021-07-05 11:22:00,0.0,0.0,0.0,59.98
6443,정선한교,2021-07-05 11:23:00,0.0,0.0,0.0,59.99
6444,정선한교,2021-07-05 11:24:00,0.0,0.0,0.0,59.99
6445,정선한교,2021-07-05 11:25:00,0.0,0.0,0.0,59.99
6446,정선한교,2021-07-05 11:26:00,0.0,0.0,0.0,60.0
6447,정선한교,2021-07-05 11:27:00,0.0,0.0,0.0,60.0
6448,정선한교,2021-07-05 11:28:00,0.0,0.0,0.0,60.0
6449,정선한교,2021-07-05 11:29:00,0.0,0.0,0.0,60.0
6450,정선한교,2021-07-05 11:30:00,0.0,0.0,0.0,60.0
6451,정선한교,2021-07-05 11:31:00,0.0,0.0,0.0,60.0
6452,정선한교,2021-07-05 11:32:00,0.0,0.0,0.0,60.01
6453,정선한교,2021-07-05 11:33:00,0.0,0.0,0.0,60.0
6454,정선한교,2021-07-05 11:34:00,0.0,0.0,0.0,59.98
6455,정선한교,2021-07-05 11:35:00,0.0,0.0,0.0,59.98
6456,정선한교,2021-07-05 11:36:00,0.0,0.0,0.0,59.98
6457,정선한교,2021-07-05 11:37:00,0.0,0.0,0.0,59.99
6458,정선한교,2021-07-05 11:38:00,0.0,0.0,0.0,59.99
6459,정선한교,2021-07-05 11:39:00,0.0,0.0,0.0,59.98
6460,정선한교,2021-07-05 11:40:00,0.0,0.0,0.0,59.98
6461,정선한교,2021-07-05 11:41:00,0.0,0.0,0.0,59.98
6462,정선한교,2021-07-05 11:42:00,0.0,0.0,0.0,60.01
6463,정선한교,2021-07-05 11:43:00,0.0,0.0,0.0,59.98
6464,정선한교,2021-07-05 11:44:00,0.0,0.0,0.0,59.98
6465,정선한교,2021-07-05 11:45:00,0.0,0.0,0.0,60.01
6466,정선한교,2021-07-05 11:46:00,0.0,0.0,0.0,59.99
6467,정선한교,2021-07-05 11:47:00,0.0,0.0,0.0,59.99
6468,정선한교,2021-07-05 11:48:00,0.0,0.0,0.0,60.01
6469,정선한교,2021-07-05 11:49:00,0.0,0.0,0.0,60.01
6470,정선한교,2021-07-05 11:50:00,0.0,0.0,0.0,60.01
6471,정선한교,2021-07-05 11:51:00,0.0,0.0,0.0,60.01
6472,정선한교,2021-07-05 11:52:00,0.0,0.0,0.0,60.02
6473,정선한교,2021-07-05 11:53:00,0.0,0.0,0.0,60.02
6474,정선한교,2021-07-05 11:54:00,0.0,0.0,0.0,60.02
6475,정선한교,2021-07-05 11:55:00,0.0,0.0,0.0,60.01
6476,정선한교,2021-07-05 11:56:00,0.0,0.0,0.0,60.01
6477,정선한교,2021-07-05 11:57:00,0.0,0.0,0.0,60.01
6478,정선한교,2021-07-05 11:58:00,0.0,0.0,0.0,60.01
6479,정선한교,2021-07-05 11:59:00,0.0,0.0,0.0,60.01
6480,정선한교,2021-07-05 12:00:00,0.0,0.0,0.0,60.02
6481,정선한교,2021-07-05 12:01:00,0.0,0.0,0.0,60.0
6482,정선한교,2021-07-05 12:02:00,0.0,0.0,0.0,60.0
6483,정선한교,2021-07-05 12:03:00,0.0,0.0,0.0,59.99
6484,정선한교,2021-07-05 12:04:00,0.0,0.0,0.0,59.98
6485,정선한교,2021-07-05 12:05:00,0.0,0.0,0.0,59.98
6486,정선한교,2021-07-05 12:06:00,0.0,0.0,0.0,59.99
6487,정선한교,2021-07-05 12:07:00,0.0,0.0,0.0,59.97
6488,정선한교,2021-07-05 12:08:00,0.0,0.0,0.0,59.97
6489,정선한교,2021-07-05 12:09:00,0.0,0.0,0.0,59.97
6490,정선한교,2021-07-05 12:10:00,0.0,0.0,0.0,59.97
6491,정선한교,2021-07-05 12:11:00,0.0,0.0,0.0,59.97
6492,정선한교,2021-07-05 12:12:00,0.0,0.0,0.0,59.98
6493,정선한교,2021-07-05 12:13:00,0.0,0.0,0.0,59.97
6494,정선한교,2021-07-05 12:14:00,0.0,0.0,0.0,59.97
6495,정선한교,2021-07-05 12:15:00,0.0,0.0,0.0,60.0
6496,정선한교,2021-07-05 12:16:00,0.0,0.0,0.0,60.01
6497,정선한교,2021-07-05 12:17:00,0.0,0.0,0.0,60.01
6498,정선한교,2021-07-05 12:18:00,0.0,0.0,0.0,60.01
6499,정선한교,2021-07-05 12:19:00,0.0,0.0,0.0,60.01
6500,정선한교,2021-07-05 12:20:00,0.0,0.0,0.0,60.01
6501,정선한교,2021-07-05 12:21:00,0.0,0.0,0.0,60.01
6502,정선한교,2021-07-05 12:22:00,0.0,0.0,0.0,60.0
6503,정선한교,2021-07-05 12:23:00,0.0,0.0,0.0,60.0
6504,정선한교,2021-07-05 12:24:00,0.0,0.0,0.0,60.0
6505,정선한교,2021-07-05 12:25:00,0.0,0.0,0.0,60.0
6506,정선한교,2021-07-05 12:26:00,0.0,0.0,0.0,60.0
6507,정선한교,2021-07-05 12:27:00,0.0,0.0,0.0,59.99
6508,정선한교,2021-07-05 12:28:00,0.0,0.0,0.0,60.0
6509,정선한교,2021-07-05 12:29:00,0.0,0.0,0.0,60.0
6510,정선한교,2021-07-05 12:30:00,0.0,0.0,0.0,60.02
6511,정선한교,2021-07-05 12:31:00,0.0,0.0,0.0,60.0
6512,정선한교,2021-07-05 12:32:00,0.0,0.0,0.0,60.0
6513,정선한교,2021-07-05 12:33:00,0.0,0.0,0.0,59.99
6514,정선한교,2021-07-05 12:34:00,0.0,0.0,0.0,59.97
6515,정선한교,2021-07-05 12:35:00,0.0,0.0,0.0,59.97
6516,정선한교,2021-07-05 12:36:00,0.0,0.0,0.0,59.97
6517,정선한교,2021-07-05 12:37:00,0.0,0.0,0.0,59.99
6518,정선한교,2021-07-05 12:38:00,0.0,0.0,0.0,59.99
6519,정선한교,2021-07-05 12:39:00,0.0,0.0,0.0,60.0
6520,정선한교,2021-07-05 12:40:00,0.0,0.0,0.0,60.0
6521,정선한교,2021-07-05 12:41:00,0.0,0.0,0.0,60.0
6522,정선한교,2021-07-05 12:42:00,0.0,0.0,0.0,60.0
6523,정선한교,2021-07-05 12:43:00,0.0,0.0,0.0,59.98
6524,정선한교,2021-07-05 12:44:00,0.0,0.0,0.0,59.98
6525,정선한교,2021-07-05 12:45:00,0.0,0.0,0.0,59.99
6526,정선한교,2021-07-05 12:46:00,0.0,0.0,0.0,59.99
6527,정선한교,2021-07-05 12:47:00,0.0,0.0,0.0,59.99
6528,정선한교,2021-07-05 12:48:00,0.0,0.0,0.0,59.98
6529,정선한교,2021-07-05 12:49:00,0.0,0.0,0.0,59.99
6530,정선한교,2021-07-05 12:50:00,0.0,0.0,0.0,60.0
6531,정선한교,2021-07-05 12:51:00,0.0,0.0,0.0,60.0
6532,정선한교,2021-07-05 12:52:00,0.0,0.0,0.0,59.98
6533,정선한교,2021-07-05 12:53:00,0.0,0.0,0.0,59.99
6534,정선한교,2021-07-05 12:54:00,0.0,0.0,0.0,59.99
6535,정선한교,2021-07-05 12:55:00,0.0,0.0,0.0,60.0
6536,정선한교,2021-07-05 12:56:00,0.0,0.0,0.0,59.98
6537,정선한교,2021-07-05 12:57:00,0.0,0.0,0.0,59.98
6538,정선한교,2021-07-05 12:58:00,0.0,0.0,0.0,60.02
6539,정선한교,2021-07-05 12:59:00,0.0,0.0,0.0,59.98
6540,정선한교,2021-07-05 13:00:00,0.0,0.0,0.0,59.98
6541,정선한교,2021-07-05 13:01:00,0.0,0.0,0.0,59.98
6542,정선한교,2021-07-05 13:02:00,0.0,0.0,0.0,59.98
6543,정선한교,2021-07-05 13:03:00,0.0,0.0,0.0,59.98
6544,정선한교,2021-07-05 13:04:00,0.0,0.0,0.0,60.01
6545,정선한교,2021-07-05 13:05:00,0.0,0.0,0.0,60.0
6546,정선한교,2021-07-05 13:06:00,0.0,0.0,0.0,60.0
6547,정선한교,2021-07-05 13:07:00,0.0,0.0,0.0,59.99
6548,정선한교,2021-07-05 13:08:00,0.0,0.0,0.0,59.99
6549,정선한교,2021-07-05 13:09:00,0.0,0.0,0.0,59.99
6550,정선한교,2021-07-05 13:10:00,0.0,0.0,0.0,59.99
6551,정선한교,2021-07-05 13:11:00,0.0,0.0,0.0,59.97
6552,정선한교,2021-07-05 13:12:00,0.0,0.0,0.0,59.97
6553,정선한교,2021-07-05 13:13:00,0.0,0.0,0.0,59.98
6554,정선한교,2021-07-05 13:14:00,0.0,0.0,0.0,59.98
6555,정선한교,2021-07-05 13:15:00,0.0,0.0,0.0,59.98
6556,정선한교,2021-07-05 13:16:00,0.0,0.0,0.0,60.0
6557,정선한교,2021-07-05 13:17:00,0.0,0.0,0.0,60.0
6558,정선한교,2021-07-05 13:18:00,0.0,0.0,0.0,60.0
6559,정선한교,2021-07-05 13:19:00,0.0,0.0,0.0,60.0
6560,정선한교,2021-07-05 13:20:00,0.0,0.0,0.0,59.96
6561,정선한교,2021-07-05 13:21:00,0.0,0.0,0.0,59.97
6562,정선한교,2021-07-05 13:22:00,0.0,0.0,0.0,59.97
6563,정선한교,2021-07-05 13:23:00,0.0,0.0,0.0,59.96
6564,정선한교,2021-07-05 13:24:00,0.0,0.0,0.0,59.97
6565,정선한교,2021-07-05 13:25:00,0.0,0.0,0.0,59.97
6566,정선한교,2021-07-05 13:26:00,0.0,0.0,0.0,60.01
6567,정선한교,2021-07-05 13:27:00,0.0,0.0,0.0,59.98
6568,정선한교,2021-07-05 13:28:00,0.0,0.0,0.0,59.98
6569,정선한교,2021-07-05 13:29:00,0.0,0.0,0.0,59.99
6570,정선한교,2021-07-05 13:30:00,0.0,0.0,0.0,60.01
6571,정선한교,2021-07-05 13:31:00,0.0,0.0,0.0,60.01
6572,정선한교,2021-07-05 13:32:00,0.0,0.0,0.0,60.01
6573,정선한교,2021-07-05 13:33:00,0.0,0.0,0.0,60.01
6574,정선한교,2021-07-05 13:34:00,0.0,0.0,0.0,60.01
6575,정선한교,2021-07-05 13:35:00,0.0,0.0,0.0,60.01
6576,정선한교,2021-07-05 13:36:00,0.0,0.0,0.0,60.0
6577,정선한교,2021-07-05 13:37:00,0.0,0.0,0.0,60.01
6578,정선한교,2021-07-05 13:38:00,0.0,0.0,0.0,60.01
6579,정선한교,2021-07-05 13:39:00,0.0,0.0,0.0,60.01
6580,정선한교,2021-07-05 13:40:00,0.0,0.0,0.0,60.01
6581,정선한교,2021-07-05 13:41:00,0.0,0.0,0.0,60.01
6582,정선한교,2021-07-05 13:42:00,0.0,0.0,0.0,60.0
6583,정선한교,2021-07-05 13:43:00,0.0,0.0,0.0,59.99
6584,정선한교,2021-07-05 13:44:00,0.0,0.0,0.0,59.99
6585,정선한교,2021-07-05 13:45:00,0.0,0.0,0.0,59.99
6586,정선한교,2021-07-05 13:46:00,0.0,0.0,0.0,60.0
6587,정선한교,2021-07-05 13:47:00,0.0,0.0,0.0,60.0
6588,정선한교,2021-07-05 13:48:00,0.0,0.0,0.0,60.0
6589,정선한교,2021-07-05 13:49:00,0.0,0.0,0.0,59.98
6590,정선한교,2021-07-05 13:50:00,0.0,0.0,0.0,59.98
6591,정선한교,2021-07-05 13:51:00,0.0,0.0,0.0,59.98
6592,정선한교,2021-07-05 13:52:00,0.0,0.0,0.0,59.99
6593,정선한교,2021-07-05 13:53:00,0.0,0.0,0.0,59.98
6594,정선한교,2021-07-05 13:54:00,0.0,0.0,0.0,59.98
6595,정선한교,2021-07-05 13:55:00,0.0,0.0,0.0,59.99
6596,정선한교,2021-07-05 13:56:00,0.0,0.0,0.0,59.99
6597,정선한교,2021-07-05 13:57:00,0.0,0.0,0.0,59.99
6598,정선한교,2021-07-05 13:58:00,0.0,0.0,0.0,59.98
6599,정선한교,2021-07-05 13:59:00,0.0,0.0,0.0,60.01
6600,정선한교,2021-07-05 14:00:00,0.0,0.0,0.0,60.01
6601,정선한교,2021-07-05 14:01:00,0.0,0.0,0.0,60.01
6602,정선한교,2021-07-05 14:02:00,0.0,0.0,0.0,60.01
6603,정선한교,2021-07-05 14:03:00,0.0,0.0,0.0,60.01
6604,정선한교,2021-07-05 14:04:00,0.0,0.0,0.0,60.02
6605,정선한교,2021-07-05 14:05:00,0.0,0.0,0.0,60.02
6606,정선한교,2021-07-05 14:06:00,0.0,0.0,0.0,60.02
6607,정선한교,2021-07-05 14:07:00,0.0,0.0,0.0,60.01
6608,정선한교,2021-07-05 14:08:00,0.0,0.0,0.0,60.0
6609,정선한교,2021-07-05 14:09:00,0.0,0.0,0.0,60.0
6610,정선한교,2021-07-05 14:10:00,0.0,0.0,0.0,60.0
6611,정선한교,2021-07-05 14:11:00,0.0,0.0,0.0,59.98
6612,정선한교,2021-07-05 14:12:00,0.0,0.0,0.0,59.98
6613,정선한교,2021-07-05 14:13:00,0.0,0.0,0.0,59.98
6614,정선한교,2021-07-05 14:14:00,0.0,0.0,0.0,59.98
6615,정선한교,2021-07-05 14:15:00,0.0,0.0,0.0,59.98
6616,정선한교,2021-07-05 14:16:00,0.0,0.0,0.0,59.97
6617,정선한교,2021-07-05 14:17:00,0.0,0.0,0.0,59.98
6618,정선한교,2021-07-05 14:18:00,0.0,0.0,0.0,59.98
6619,정선한교,2021-07-05 14:19:00,0.0,0.0,0.0,59.98
6620,정선한교,2021-07-05 14:20:00,0.0,0.0,0.0,59.99
6621,정선한교,2021-07-05 14:21:00,0.0,0.0,0.0,59.98
6622,정선한교,2021-07-05 14:22:00,0.0,0.0,0.0,59.98
6623,정선한교,2021-07-05 14:23:00,0.0,0.0,0.0,59.98
6624,정선한교,2021-07-05 14:24:00,0.0,0.0,0.0,60.0
6625,정선한교,2021-07-05 14:25:00,0.0,0.0,0.0,60.0
6626,정선한교,2021-07-05 14:26:00,0.0,0.0,0.0,60.02
6627,정선한교,2021-07-05 14:27:00,0.0,0.0,0.0,59.99
6628,정선한교,2021-07-05 14:28:00,0.0,0.0,0.0,59.99
6629,정선한교,2021-07-05 14:29:00,0.0,0.0,0.0,60.0
6630,정선한교,2021-07-05 14:30:00,0.0,0.0,0.0,60.01
6631,정선한교,2021-07-05 14:31:00,0.0,0.0,0.0,60.01
6632,정선한교,2021-07-05 14:32:00,0.0,0.0,0.0,60.0
6633,정선한교,2021-07-05 14:33:00,0.0,0.0,0.0,60.01
6634,정선한교,2021-07-05 14:34:00,0.0,0.0,0.0,60.01
6635,정선한교,2021-07-05 14:35:00,0.0,0.0,0.0,60.0
6636,정선한교,2021-07-05 14:36:00,0.0,0.0,0.0,60.0
6637,정선한교,2021-07-05 14:37:00,0.0,0.0,0.0,60.0
6638,정선한교,2021-07-05 14:38:00,0.0,0.0,0.0,60.01
6639,정선한교,2021-07-05 14:39:00,0.0,0.0,0.0,60.0
6640,정선한교,2021-07-05 14:40:00,0.0,0.0,0.0,60.0
6641,정선한교,2021-07-05 14:41:00,0.0,0.0,0.0,60.01
6642,정선한교,2021-07-05 14:42:00,0.0,0.0,0.0,60.01
6643,정선한교,2021-07-05 14:43:00,0.0,0.0,0.0,60.01
6644,정선한교,2021-07-05 14:44:00,0.0,0.0,0.0,60.02
6645,정선한교,2021-07-05 14:45:00,0.0,0.0,0.0,60.0
6646,정선한교,2021-07-05 14:46:00,0.0,0.0,0.0,60.0
6647,정선한교,2021-07-05 14:47:00,0.0,0.0,0.0,60.01
6648,정선한교,2021-07-05 14:48:00,0.0,0.0,0.0,60.01
6649,정선한교,2021-07-05 14:49:00,0.0,0.0,0.0,60.01
6650,정선한교,2021-07-05 14:50:00,0.0,0.0,0.0,60.01
6651,정선한교,2021-07-05 14:51:00,0.0,0.0,0.0,60.0
6652,정선한교,2021-07-05 14:52:00,0.0,0.0,0.0,60.0
6653,정선한교,2021-07-05 14:53:00,0.0,0.0,0.0,60.01
6654,정선한교,2021-07-05 14:54:00,0.0,0.0,0.0,60.01
6655,정선한교,2021-07-05 14:55:00,0.0,0.0,0.0,60.01
6656,정선한교,2021-07-05 14:56:00,0.0,0.0,0.0,60.01
6657,정선한교,2021-07-05 14:57:00,0.0,0.0,0.0,60.0
6658,정선한교,2021-07-05 14:58:00,0.0,0.0,0.0,60.01
6659,정선한교,2021-07-05 14:59:00,0.0,0.0,0.0,60.01
6660,정선한교,2021-07-05 15:00:00,0.0,0.0,0.0,60.01
6661,정선한교,2021-07-05 15:01:00,0.0,0.0,0.0,60.01
6662,정선한교,2021-07-05 15:02:00,0.0,0.0,0.0,60.01
6663,정선한교,2021-07-05 15:03:00,0.0,0.0,0.0,60.01
6664,정선한교,2021-07-05 15:04:00,0.0,0.0,0.0,60.0
6665,정선한교,2021-07-05 15:05:00,0.0,0.0,0.0,60.0
6666,정선한교,2021-07-05 15:06:00,0.0,0.0,0.0,60.0
6667,정선한교,2021-07-05 15:07:00,0.0,0.0,0.0,59.99
6668,정선한교,2021-07-05 15:08:00,0.0,0.0,0.0,59.99
6669,정선한교,2021-07-05 15:09:00,0.0,0.0,0.0,59.99
6670,정선한교,2021-07-05 15:10:00,0.0,0.0,0.0,60.0
6671,정선한교,2021-07-05 15:11:00,0.0,0.0,0.0,60.0
6672,정선한교,2021-07-05 15:12:00,0.0,0.0,0.0,60.0
6673,정선한교,2021-07-05 15:13:00,0.0,0.0,0.0,60.0
6674,정선한교,2021-07-05 15:14:00,0.0,0.0,0.0,59.99
6675,정선한교,2021-07-05 15:15:00,0.0,0.0,0.0,59.99
6676,정선한교,2021-07-05 15:16:00,0.0,0.0,0.0,60.0
6677,정선한교,2021-07-05 15:17:00,0.0,0.0,0.0,60.01
6678,정선한교,2021-07-05 15:18:00,0.0,0.0,0.0,60.01
6679,정선한교,2021-07-05 15:19:00,0.0,0.0,0.0,59.99
6680,정선한교,2021-07-05 15:20:00,0.0,0.0,0.0,60.0
6681,정선한교,2021-07-05 15:21:00,0.0,0.0,0.0,60.0
6682,정선한교,2021-07-05 15:22:00,0.0,0.0,0.0,60.0
6683,정선한교,2021-07-05 15:23:00,0.0,0.0,0.0,59.99
6684,정선한교,2021-07-05 15:24:00,0.0,0.0,0.0,59.99
6685,정선한교,2021-07-05 15:25:00,0.0,0.0,0.0,59.99
6686,정선한교,2021-07-05 15:26:00,0.0,0.0,0.0,59.99
6687,정선한교,2021-07-05 15:27:00,0.0,0.0,0.0,60.0
6688,정선한교,2021-07-05 15:28:00,0.0,0.0,0.0,60.0
6689,정선한교,2021-07-05 15:29:00,0.0,0.0,0.0,60.01
6690,정선한교,2021-07-05 15:30:00,0.0,0.0,0.0,60.02
6691,정선한교,2021-07-05 15:31:00,0.0,0.0,0.0,60.02
6692,정선한교,2021-07-05 15:32:00,0.0,0.0,0.0,60.02
6693,정선한교,2021-07-05 15:33:00,0.0,0.0,0.0,60.01
6694,정선한교,2021-07-05 15:34:00,0.0,0.0,0.0,60.01
6695,정선한교,2021-07-05 15:35:00,0.0,0.0,0.0,60.0
6696,정선한교,2021-07-05 15:36:00,0.0,0.0,0.0,60.01
6697,정선한교,2021-07-05 15:37:00,0.0,0.0,0.0,60.01
6698,정선한교,2021-07-05 15:38:00,0.0,0.0,0.0,60.0
6699,정선한교,2021-07-05 15:39:00,0.0,0.0,0.0,59.97
6700,정선한교,2021-07-05 15:40:00,0.0,0.0,0.0,59.97
6701,정선한교,2021-07-05 15:41:00,0.0,0.0,0.0,59.97
6702,정선한교,2021-07-05 15:42:00,0.0,0.0,0.0,59.97
6703,정선한교,2021-07-05 15:43:00,0.0,0.0,0.0,59.97
6704,정선한교,2021-07-05 15:44:00,0.0,0.0,0.0,59.97
6705,정선한교,2021-07-05 15:45:00,0.0,0.0,0.0,59.98
6706,정선한교,2021-07-05 15:46:00,0.0,0.0,0.0,59.97
6707,정선한교,2021-07-05 15:47:00,0.0,0.0,0.0,59.97
6708,정선한교,2021-07-05 15:48:00,0.0,0.0,0.0,59.97
6709,정선한교,2021-07-05 15:49:00,0.0,0.0,0.0,59.99
6710,정선한교,2021-07-05 15:50:00,0.0,0.0,0.0,59.99
6711,정선한교,2021-07-05 15:51:00,0.0,0.0,0.0,59.98
6712,정선한교,2021-07-05 15:52:00,0.0,0.0,0.0,59.98
6713,정선한교,2021-07-05 15:53:00,0.0,0.0,0.0,59.98
6714,정선한교,2021-07-05 15:54:00,0.0,0.0,0.0,59.99
6715,정선한교,2021-07-05 15:55:00,0.0,0.0,0.0,59.98
6716,정선한교,2021-07-05 15:56:00,0.0,0.0,0.0,60.0
6717,정선한교,2021-07-05 15:57:00,0.0,0.0,0.0,60.0
6718,정선한교,2021-07-05 15:58:00,0.0,0.0,0.0,60.0
6719,정선한교,2021-07-05 15:59:00,0.0,0.0,0.0,59.98
6720,정선한교,2021-07-05 16:00:00,0.0,0.0,0.0,59.98
6721,정선한교,2021-07-05 16:01:00,0.0,0.0,0.0,59.99
6722,정선한교,2021-07-05 16:02:00,0.0,0.0,0.0,60.0
6723,정선한교,2021-07-05 16:03:00,0.0,0.0,0.0,60.0
6724,정선한교,2021-07-05 16:04:00,0.0,0.0,0.0,60.01
6725,정선한교,2021-07-05 16:05:00,0.0,0.0,0.0,59.99
6726,정선한교,2021-07-05 16:06:00,0.0,0.0,0.0,59.99
6727,정선한교,2021-07-05 16:07:00,0.0,0.0,0.0,59.99
6728,정선한교,2021-07-05 16:08:00,0.0,0.0,0.0,59.99
6729,정선한교,2021-07-05 16:09:00,0.0,0.0,0.0,59.96
6730,정선한교,2021-07-05 16:10:00,0.0,0.0,0.0,59.96
6731,정선한교,2021-07-05 16:11:00,0.0,0.0,0.0,59.99
6732,정선한교,2021-07-05 16:12:00,0.0,0.0,0.0,60.0
6733,정선한교,2021-07-05 16:13:00,0.0,0.0,0.0,60.0
6734,정선한교,2021-07-05 16:14:00,0.0,0.0,0.0,59.99
6735,정선한교,2021-07-05 16:15:00,0.0,0.0,0.0,59.99
6736,정선한교,2021-07-05 16:16:00,0.0,0.0,0.0,59.99
6737,정선한교,2021-07-05 16:17:00,0.0,0.0,0.0,60.0
6738,정선한교,2021-07-05 16:18:00,0.0,0.0,0.0,60.0
6739,정선한교,2021-07-05 16:19:00,0.0,0.0,0.0,60.0
6740,정선한교,2021-07-05 16:20:00,0.0,0.0,0.0,60.0
6741,정선한교,2021-07-05 16:21:00,0.0,0.0,0.0,59.99
6742,정선한교,2021-07-05 16:22:00,0.0,0.0,0.0,59.99
6743,정선한교,2021-07-05 16:23:00,0.0,0.0,0.0,60.0
6744,정선한교,2021-07-05 16:24:00,0.0,0.0,0.0,60.01
6745,정선한교,2021-07-05 16:25:00,0.0,0.0,0.0,60.01
6746,정선한교,2021-07-05 16:26:00,0.0,0.0,0.0,60.01
6747,정선한교,2021-07-05 16:27:00,0.0,0.0,0.0,60.0
6748,정선한교,2021-07-05 16:28:00,0.0,0.0,0.0,59.99
6749,정선한교,2021-07-05 16:29:00,0.0,0.0,0.0,59.99
6750,정선한교,2021-07-05 16:30:00,0.0,0.0,0.0,59.99
6751,정선한교,2021-07-05 16:31:00,0.0,0.0,0.0,60.0
6752,정선한교,2021-07-05 16:32:00,0.0,0.0,0.0,60.0
6753,정선한교,2021-07-05 16:33:00,0.0,0.0,0.0,59.97
6754,정선한교,2021-07-05 16:34:00,0.0,0.0,0.0,59.97
6755,정선한교,2021-07-05 16:35:00,0.0,0.0,0.0,59.97
6756,정선한교,2021-07-05 16:36:00,0.0,0.0,0.0,59.99
6757,정선한교,2021-07-05 16:37:00,0.0,0.0,0.0,59.99
6758,정선한교,2021-07-05 16:38:00,0.0,0.0,0.0,60.01
6759,정선한교,2021-07-05 16:39:00,0.0,0.0,0.0,60.01
6760,정선한교,2021-07-05 16:40:00,0.0,0.0,0.0,60.0
6761,정선한교,2021-07-05 16:41:00,0.0,0.0,0.0,60.02
6762,정선한교,2021-07-05 16:42:00,0.0,0.0,0.0,60.02
6763,정선한교,2021-07-05 16:43:00,0.0,0.0,0.0,60.01
6764,정선한교,2021-07-05 16:44:00,0.0,0.0,0.0,60.01
6765,정선한교,2021-07-05 16:45:00,0.0,0.0,0.0,60.01
6766,정선한교,2021-07-05 16:46:00,0.0,0.0,0.0,60.0
6767,정선한교,2021-07-05 16:47:00,0.0,0.0,0.0,60.01
6768,정선한교,2021-07-05 16:48:00,0.0,0.0,0.0,60.01
6769,정선한교,2021-07-05 16:49:00,0.0,0.0,0.0,60.01
6770,정선한교,2021-07-05 16:50:00,0.0,0.0,0.0,60.02
6771,정선한교,2021-07-05 16:51:00,0.0,0.0,0.0,60.02
6772,정선한교,2021-07-05 16:52:00,0.0,0.0,0.0,60.02
6773,정선한교,2021-07-05 16:53:00,0.0,0.0,0.0,60.01
6774,정선한교,2021-07-05 16:54:00,0.0,0.0,0.0,60.01
6775,정선한교,2021-07-05 16:55:00,0.0,0.0,0.0,60.01
6776,정선한교,2021-07-05 16:56:00,0.0,0.0,0.0,60.0
6777,정선한교,2021-07-05 16:57:00,0.0,0.0,0.0,60.0
6778,정선한교,2021-07-05 16:58:00,0.0,0.0,0.0,60.0
6779,정선한교,2021-07-05 16:59:00,0.0,0.0,0.0,60.0
6780,정선한교,2021-07-05 17:00:00,0.0,0.0,0.0,60.01
6781,정선한교,2021-07-05 17:01:00,0.0,0.0,0.0,60.01
6782,정선한교,2021-07-05 17:02:00,0.0,0.0,0.0,60.03
6783,정선한교,2021-07-05 17:03:00,0.0,0.0,0.0,60.02
6784,정선한교,2021-07-05 17:04:00,0.0,0.0,0.0,60.02
6785,정선한교,2021-07-05 17:05:00,0.0,0.0,0.0,60.01
6786,정선한교,2021-07-05 17:06:00,0.0,0.0,0.0,60.01
6787,정선한교,2021-07-05 17:07:00,0.0,0.0,0.0,60.01
6788,정선한교,2021-07-05 17:08:00,0.0,0.0,0.0,60.02
6789,정선한교,2021-07-05 17:09:00,0.0,0.0,0.0,60.0
6790,정선한교,2021-07-05 17:10:00,0.0,0.0,0.0,60.0
6791,정선한교,2021-07-05 17:11:00,0.0,0.0,0.0,60.0
6792,정선한교,2021-07-05 17:12:00,0.0,0.0,0.0,60.01
6793,정선한교,2021-07-05 17:13:00,0.0,0.0,0.0,60.01
6794,정선한교,2021-07-05 17:14:00,0.0,0.0,0.0,60.01
6795,정선한교,2021-07-05 17:15:00,0.0,0.0,0.0,60.01
6796,정선한교,2021-07-05 17:16:00,0.0,0.0,0.0,60.01
6797,정선한교,2021-07-05 17:17:00,0.0,0.0,0.0,60.01
6798,정선한교,2021-07-05 17:18:00,0.0,0.0,0.0,59.99
6799,정선한교,2021-07-05 17:19:00,0.0,0.0,0.0,59.99
6800,정선한교,2021-07-05 17:20:00,0.0,0.0,0.0,59.99
6801,정선한교,2021-07-05 17:21:00,0.0,0.0,0.0,59.99
6802,정선한교,2021-07-05 17:22:00,0.0,0.0,0.0,60.0
6803,정선한교,2021-07-05 17:23:00,0.0,0.0,0.0,60.0
6804,정선한교,2021-07-05 17:24:00,0.0,0.0,0.0,60.0
6805,정선한교,2021-07-05 17:25:00,0.0,0.0,0.0,60.0
6806,정선한교,2021-07-05 17:26:00,0.0,0.0,0.0,60.0
6807,정선한교,2021-07-05 17:27:00,0.0,0.0,0.0,60.0
6808,정선한교,2021-07-05 17:28:00,0.0,0.0,0.0,59.99
6809,정선한교,2021-07-05 17:29:00,0.0,0.0,0.0,60.0
6810,정선한교,2021-07-05 17:30:00,0.0,0.0,0.0,60.0
6811,정선한교,2021-07-05 17:31:00,0.0,0.0,0.0,60.02
6812,정선한교,2021-07-05 17:32:00,0.0,0.0,0.0,60.0
6813,정선한교,2021-07-05 17:33:00,0.0,0.0,0.0,60.0
6814,정선한교,2021-07-05 17:34:00,0.0,0.0,0.0,59.99
6815,정선한교,2021-07-05 17:35:00,0.0,0.0,0.0,59.99
6816,정선한교,2021-07-05 17:36:00,0.0,0.0,0.0,59.99
6817,정선한교,2021-07-05 17:37:00,0.0,0.0,0.0,60.0
6818,정선한교,2021-07-05 17:38:00,0.0,0.0,0.0,59.98
6819,정선한교,2021-07-05 17:39:00,0.0,0.0,0.0,59.98
6820,정선한교,2021-07-05 17:40:00,0.0,0.0,0.0,59.99
6821,정선한교,2021-07-05 17:41:00,0.0,0.0,0.0,59.99
6822,정선한교,2021-07-05 17:42:00,0.0,0.0,0.0,59.99
6823,정선한교,2021-07-05 17:43:00,0.0,0.0,0.0,60.0
6824,정선한교,2021-07-05 17:44:00,0.0,0.0,0.0,60.0
6825,정선한교,2021-07-05 17:45:00,0.0,0.0,0.0,60.0
6826,정선한교,2021-07-05 17:46:00,0.0,0.0,0.0,60.0
6827,정선한교,2021-07-05 17:47:00,0.0,0.0,0.0,59.99
6828,정선한교,2021-07-05 17:48:00,0.0,0.0,0.0,60.0
6829,정선한교,2021-07-05 17:49:00,0.0,0.0,0.0,60.0
6830,정선한교,2021-07-05 17:50:00,0.0,0.0,0.0,59.99
6831,정선한교,2021-07-05 17:51:00,0.0,0.0,0.0,60.0
6832,정선한교,2021-07-05 17:52:00,0.0,0.0,0.0,60.0
6833,정선한교,2021-07-05 17:53:00,0.0,0.0,0.0,60.01
6834,정선한교,2021-07-05 17:54:00,0.0,0.0,0.0,60.0
6835,정선한교,2021-07-05 17:55:00,0.0,0.0,0.0,60.0
6836,정선한교,2021-07-05 17:56:00,0.0,0.0,0.0,59.98
6837,정선한교,2021-07-05 17:57:00,0.0,0.0,0.0,60.0
6838,정선한교,2021-07-05 17:58:00,0.0,0.0,0.0,60.0
6839,정선한교,2021-07-05 17:59:00,0.0,0.0,0.0,59.99
6840,정선한교,2021-07-05 18:00:00,0.0,0.0,0.0,60.01
6841,정선한교,2021-07-05 18:01:00,0.0,0.0,0.0,60.01
6842,정선한교,2021-07-05 18:02:00,0.0,0.0,0.0,60.0
6843,정선한교,2021-07-05 18:03:00,0.0,0.0,0.0,60.0
6844,정선한교,2021-07-05 18:04:00,0.0,0.0,0.0,60.0
6845,정선한교,2021-07-05 18:05:00,0.0,0.0,0.0,60.01
6846,정선한교,2021-07-05 18:06:00,0.0,0.0,0.0,60.01
6847,정선한교,2021-07-05 18:07:00,0.0,0.0,0.0,60.01
6848,정선한교,2021-07-05 18:08:00,0.0,0.0,0.0,59.99
6849,정선한교,2021-07-05 18:09:00,0.0,0.0,0.0,59.98
6850,정선한교,2021-07-05 18:10:00,0.0,0.0,0.0,59.98
6851,정선한교,2021-07-05 18:11:00,0.0,0.0,0.0,59.99
6852,정선한교,2021-07-05 18:12:00,0.0,0.0,0.0,60.0
6853,정선한교,2021-07-05 18:13:00,0.0,0.0,0.0,60.0
6854,정선한교,2021-07-05 18:14:00,0.0,0.0,0.0,60.01
6855,정선한교,2021-07-05 18:15:00,0.0,0.0,0.0,60.01
6856,정선한교,2021-07-05 18:16:00,0.0,0.0,0.0,59.98
6857,정선한교,2021-07-05 18:17:00,0.0,0.0,0.0,59.98
6858,정선한교,2021-07-05 18:18:00,0.0,0.0,0.0,59.98
6859,정선한교,2021-07-05 18:19:00,0.0,0.0,0.0,60.01
6860,정선한교,2021-07-05 18:20:00,0.0,0.0,0.0,60.01
6861,정선한교,2021-07-05 18:21:00,0.0,0.0,0.0,60.01
6862,정선한교,2021-07-05 18:22:00,0.0,0.0,0.0,59.98
6863,정선한교,2021-07-05 18:23:00,0.0,0.0,0.0,59.98
6864,정선한교,2021-07-05 18:24:00,0.0,0.0,0.0,60.0
6865,정선한교,2021-07-05 18:25:00,0.0,0.0,0.0,60.0
6866,정선한교,2021-07-05 18:26:00,0.0,0.0,0.0,60.0
6867,정선한교,2021-07-05 18:27:00,0.0,0.0,0.0,59.99
6868,정선한교,2021-07-05 18:28:00,0.0,0.0,0.0,59.99
6869,정선한교,2021-07-05 18:29:00,0.0,0.0,0.0,59.98
6870,정선한교,2021-07-05 18:30:00,0.0,0.0,0.0,59.98
6871,정선한교,2021-07-05 18:31:00,0.0,0.0,0.0,59.98
6872,정선한교,2021-07-05 18:32:00,0.0,0.0,0.0,59.98
6873,정선한교,2021-07-05 18:33:00,0.0,0.0,0.0,59.98
6874,정선한교,2021-07-05 18:34:00,0.0,0.0,0.0,59.97
6875,정선한교,2021-07-05 18:35:00,0.0,0.0,0.0,59.96
6876,정선한교,2021-07-05 18:36:00,0.0,0.0,0.0,59.96
6877,정선한교,2021-07-05 18:37:00,0.0,0.0,0.0,59.98
6878,정선한교,2021-07-05 18:38:00,0.0,0.0,0.0,59.99
6879,정선한교,2021-07-05 18:39:00,0.0,0.0,0.0,59.99
6880,정선한교,2021-07-05 18:40:00,0.0,0.0,0.0,60.0
6881,정선한교,2021-07-05 18:41:00,0.0,0.0,0.0,60.01
6882,정선한교,2021-07-05 18:42:00,0.0,0.0,0.0,60.01
6883,정선한교,2021-07-05 18:43:00,0.0,0.0,0.0,59.99
6884,정선한교,2021-07-05 18:44:00,0.0,0.0,0.0,59.98
6885,정선한교,2021-07-05 18:45:00,0.0,0.0,0.0,59.98
6886,정선한교,2021-07-05 18:46:00,0.0,0.0,0.0,59.98
6887,정선한교,2021-07-05 18:47:00,0.0,0.0,0.0,60.0
6888,정선한교,2021-07-05 18:48:00,0.0,0.0,0.0,60.0
6889,정선한교,2021-07-05 18:49:00,0.0,0.0,0.0,60.0
6890,정선한교,2021-07-05 18:50:00,0.0,0.0,0.0,60.0
6891,정선한교,2021-07-05 18:51:00,0.0,0.0,0.0,59.99
6892,정선한교,2021-07-05 18:52:00,0.0,0.0,0.0,59.99
6893,정선한교,2021-07-05 18:53:00,0.0,0.0,0.0,59.98
6894,정선한교,2021-07-05 18:54:00,0.0,0.0,0.0,59.98
6895,정선한교,2021-07-05 18:55:00,0.0,0.0,0.0,59.98
6896,정선한교,2021-07-05 18:56:00,0.0,0.0,0.0,59.98
6897,정선한교,2021-07-05 18:57:00,0.0,0.0,0.0,59.99
6898,정선한교,2021-07-05 18:58:00,0.0,0.0,0.0,60.0
6899,정선한교,2021-07-05 18:59:00,0.0,0.0,0.0,60.0
6900,정선한교,2021-07-05 19:00:00,0.0,0.0,0.0,60.0
6901,정선한교,2021-07-05 19:01:00,0.0,0.0,0.0,60.0
6902,정선한교,2021-07-05 19:02:00,0.0,0.0,0.0,60.0
6903,정선한교,2021-07-05 19:03:00,0.0,0.0,0.0,60.0
6904,정선한교,2021-07-05 19:04:00,0.0,0.0,0.0,60.0
6905,정선한교,2021-07-05 19:05:00,0.0,0.0,0.0,60.0
6906,정선한교,2021-07-05 19:06:00,0.0,0.0,0.0,60.01
6907,정선한교,2021-07-05 19:07:00,0.0,0.0,0.0,60.0
6908,정선한교,2021-07-05 19:08:00,0.0,0.0,0.0,60.0
6909,정선한교,2021-07-05 19:09:00,0.0,0.0,0.0,59.98
6910,정선한교,2021-07-05 19:10:00,0.0,0.0,0.0,60.01
6911,정선한교,2021-07-05 19:11:00,0.0,0.0,0.0,60.01
6912,정선한교,2021-07-05 19:12:00,0.0,0.0,0.0,60.01
6913,정선한교,2021-07-05 19:13:00,0.0,0.0,0.0,60.0
6914,정선한교,2021-07-05 19:14:00,0.0,0.0,0.0,59.99
6915,정선한교,2021-07-05 19:15:00,0.0,0.0,0.0,59.99
6916,정선한교,2021-07-05 19:16:00,0.0,0.0,0.0,59.97
6917,정선한교,2021-07-05 19:17:00,0.0,0.0,0.0,59.97
6918,정선한교,2021-07-05 19:18:00,0.0,0.0,0.0,59.97
6919,정선한교,2021-07-05 19:19:00,0.0,0.0,0.0,59.99
6920,정선한교,2021-07-05 19:20:00,0.0,0.0,0.0,60.0
6921,정선한교,2021-07-05 19:21:00,0.0,0.0,0.0,60.0
6922,정선한교,2021-07-05 19:22:00,0.0,0.0,0.0,60.0
6923,정선한교,2021-07-05 19:23:00,0.0,0.0,0.0,60.0
6924,정선한교,2021-07-05 19:24:00,0.0,0.0,0.0,60.0
6925,정선한교,2021-07-05 19:25:00,0.0,0.0,0.0,60.0
6926,정선한교,2021-07-05 19:26:00,0.0,0.0,0.0,59.99
6927,정선한교,2021-07-05 19:27:00,0.0,0.0,0.0,59.99
6928,정선한교,2021-07-05 19:28:00,0.0,0.0,0.0,59.98
6929,정선한교,2021-07-05 19:29:00,0.0,0.0,0.0,59.98
6930,정선한교,2021-07-05 19:30:00,0.0,0.0,0.0,59.98
6931,정선한교,2021-07-05 19:31:00,0.0,0.0,0.0,59.99
6932,정선한교,2021-07-05 19:32:00,0.0,0.0,0.0,59.98
6933,정선한교,2021-07-05 19:33:00,0.0,0.0,0.0,60.0
6934,정선한교,2021-07-05 19:34:00,0.0,0.0,0.0,60.0
6935,정선한교,2021-07-05 19:35:00,0.0,0.0,0.0,60.0
6936,정선한교,2021-07-05 19:36:00,0.0,0.0,0.0,59.99
6937,정선한교,2021-07-05 19:37:00,0.0,0.0,0.0,59.99
6938,정선한교,2021-07-05 19:38:00,0.0,0.0,0.0,59.99
6939,정선한교,2021-07-05 19:39:00,0.0,0.0,0.0,60.01
6940,정선한교,2021-07-05 19:40:00,0.0,0.0,0.0,60.01
6941,정선한교,2021-07-05 19:41:00,0.0,0.0,0.0,59.99
6942,정선한교,2021-07-05 19:42:00,0.0,0.0,0.0,59.99
6943,정선한교,2021-07-05 19:43:00,0.0,0.0,0.0,59.99
6944,정선한교,2021-07-05 19:44:00,0.0,0.0,0.0,60.0
6945,정선한교,2021-07-05 19:45:00,0.0,0.0,0.0,60.0
6946,정선한교,2021-07-05 19:46:00,0.0,0.0,0.0,60.0
6947,정선한교,2021-07-05 19:47:00,0.0,0.0,0.0,59.98
6948,정선한교,2021-07-05 19:48:00,0.0,0.0,0.0,59.99
6949,정선한교,2021-07-05 19:49:00,0.0,0.0,0.0,59.99
6950,정선한교,2021-07-05 19:50:00,0.0,0.0,0.0,59.98
6951,정선한교,2021-07-05 19:51:00,0.0,0.0,0.0,59.97
6952,정선한교,2021-07-05 19:52:00,0.0,0.0,0.0,59.97
6953,정선한교,2021-07-05 19:53:00,0.0,0.0,0.0,60.0
6954,정선한교,2021-07-05 19:54:00,0.0,0.0,0.0,59.98
6955,정선한교,2021-07-05 19:55:00,0.0,0.0,0.0,60.0
6956,정선한교,2021-07-05 19:56:00,0.0,0.0,0.0,60.0
6957,정선한교,2021-07-05 19:57:00,0.0,0.0,0.0,60.0
6958,정선한교,2021-07-05 19:58:00,0.0,0.0,0.0,60.0
6959,정선한교,2021-07-05 19:59:00,0.0,0.0,0.0,60.0
6960,정선한교,2021-07-05 20:00:00,0.0,0.0,0.0,60.0
6961,정선한교,2021-07-05 20:01:00,0.0,0.0,0.0,59.99
6962,정선한교,2021-07-05 20:02:00,0.0,0.0,0.0,59.99
6963,정선한교,2021-07-05 20:03:00,0.0,0.0,0.0,59.99
6964,정선한교,2021-07-05 20:04:00,0.0,0.0,0.0,60.0
6965,정선한교,2021-07-05 20:05:00,0.0,0.0,0.0,60.0
6966,정선한교,2021-07-05 20:06:00,0.0,0.0,0.0,59.99
6967,정선한교,2021-07-05 20:07:00,0.0,0.0,0.0,59.98
6968,정선한교,2021-07-05 20:08:00,0.0,0.0,0.0,59.98
6969,정선한교,2021-07-05 20:09:00,0.0,0.0,0.0,60.01
6970,정선한교,2021-07-05 20:10:00,0.0,0.0,0.0,59.98
6971,정선한교,2021-07-05 20:11:00,0.0,0.0,0.0,59.99
6972,정선한교,2021-07-05 20:12:00,0.0,0.0,0.0,59.99
6973,정선한교,2021-07-05 20:13:00,0.0,0.0,0.0,59.99
6974,정선한교,2021-07-05 20:14:00,0.0,0.0,0.0,59.99
6975,정선한교,2021-07-05 20:15:00,0.0,0.0,0.0,59.99
6976,정선한교,2021-07-05 20:16:00,0.0,0.0,0.0,59.99
6977,정선한교,2021-07-05 20:17:00,0.0,0.0,0.0,60.0
6978,정선한교,2021-07-05 20:18:00,0.0,0.0,0.0,60.0
6979,정선한교,2021-07-05 20:19:00,0.0,0.0,0.0,60.0
6980,정선한교,2021-07-05 20:20:00,0.0,0.0,0.0,60.01
6981,정선한교,2021-07-05 20:21:00,0.0,0.0,0.0,60.01
6982,정선한교,2021-07-05 20:22:00,0.0,0.0,0.0,59.99
6983,정선한교,2021-07-05 20:23:00,0.0,0.0,0.0,59.98
6984,정선한교,2021-07-05 20:24:00,0.0,0.0,0.0,59.98
6985,정선한교,2021-07-05 20:25:00,0.0,0.0,0.0,60.0
6986,정선한교,2021-07-05 20:26:00,0.0,0.0,0.0,59.99
6987,정선한교,2021-07-05 20:27:00,0.0,0.0,0.0,59.99
6988,정선한교,2021-07-05 20:28:00,0.0,0.0,0.0,59.99
6989,정선한교,2021-07-05 20:29:00,0.0,0.0,0.0,59.99
6990,정선한교,2021-07-05 20:30:00,0.0,0.0,0.0,60.0
6991,정선한교,2021-07-05 20:31:00,0.0,0.0,0.0,60.0
6992,정선한교,2021-07-05 20:32:00,0.0,0.0,0.0,60.0
6993,정선한교,2021-07-05 20:33:00,0.0,0.0,0.0,60.0
6994,정선한교,2021-07-05 20:34:00,0.0,0.0,0.0,60.0
6995,정선한교,2021-07-05 20:35:00,0.0,0.0,0.0,59.98
6996,정선한교,2021-07-05 20:36:00,0.0,0.0,0.0,59.99
6997,정선한교,2021-07-05 20:37:00,0.0,0.0,0.0,59.99
6998,정선한교,2021-07-05 20:38:00,0.0,0.0,0.0,59.99
6999,정선한교,2021-07-05 20:39:00,0.0,0.0,0.0,59.99
7000,정선한교,2021-07-05 20:40:00,0.0,0.0,0.0,59.99
7001,정선한교,2021-07-05 20:41:00,0.0,0.0,0.0,59.99
7002,정선한교,2021-07-05 20:42:00,0.0,0.0,0.0,59.99
7003,정선한교,2021-07-05 20:43:00,0.0,0.0,0.0,59.99
7004,정선한교,2021-07-05 20:44:00,0.0,0.0,0.0,59.99
7005,정선한교,2021-07-05 20:45:00,0.0,0.0,0.0,59.99
7006,정선한교,2021-07-05 20:46:00,0.0,0.0,0.0,59.99
7007,정선한교,2021-07-05 20:47:00,0.0,0.0,0.0,59.99
7008,정선한교,2021-07-05 20:48:00,0.0,0.0,0.0,60.0
7009,정선한교,2021-07-05 20:49:00,0.0,0.0,0.0,60.02
7010,정선한교,2021-07-05 20:50:00,0.0,0.0,0.0,60.02
7011,정선한교,2021-07-05 20:51:00,0.0,0.0,0.0,60.0
7012,정선한교,2021-07-05 20:52:00,0.0,0.0,0.0,60.01
7013,정선한교,2021-07-05 20:53:00,0.0,0.0,0.0,60.01
7014,정선한교,2021-07-05 20:54:00,0.0,0.0,0.0,60.01
7015,정선한교,2021-07-05 20:55:00,0.0,0.0,0.0,60.01
7016,정선한교,2021-07-05 20:56:00,0.0,0.0,0.0,60.0
7017,정선한교,2021-07-05 20:57:00,0.0,0.0,0.0,60.0
7018,정선한교,2021-07-05 20:58:00,0.0,0.0,0.0,59.99
7019,정선한교,2021-07-05 20:59:00,0.0,0.0,0.0,59.97
7020,정선한교,2021-07-05 21:00:00,0.0,0.0,0.0,59.97
7021,정선한교,2021-07-05 21:01:00,0.0,0.0,0.0,60.0
7022,정선한교,2021-07-05 21:02:00,0.0,0.0,0.0,59.99
7023,정선한교,2021-07-05 21:03:00,0.0,0.0,0.0,59.99
7024,정선한교,2021-07-05 21:04:00,0.0,0.0,0.0,60.02
7025,정선한교,2021-07-05 21:05:00,0.0,0.0,0.0,60.02
7026,정선한교,2021-07-05 21:06:00,0.0,0.0,0.0,60.02
7027,정선한교,2021-07-05 21:07:00,0.0,0.0,0.0,60.0
7028,정선한교,2021-07-05 21:08:00,0.0,0.0,0.0,59.98
7029,정선한교,2021-07-05 21:09:00,0.0,0.0,0.0,59.98
7030,정선한교,2021-07-05 21:10:00,0.0,0.0,0.0,60.01
7031,정선한교,2021-07-05 21:11:00,0.0,0.0,0.0,60.01
7032,정선한교,2021-07-05 21:12:00,0.0,0.0,0.0,60.0
7033,정선한교,2021-07-05 21:13:00,0.0,0.0,0.0,60.0
7034,정선한교,2021-07-05 21:14:00,0.0,0.0,0.0,60.01
7035,정선한교,2021-07-05 21:15:00,0.0,0.0,0.0,60.01
7036,정선한교,2021-07-05 21:16:00,0.0,0.0,0.0,60.01
7037,정선한교,2021-07-05 21:17:00,0.0,0.0,0.0,60.0
7038,정선한교,2021-07-05 21:18:00,0.0,0.0,0.0,60.0
7039,정선한교,2021-07-05 21:19:00,0.0,0.0,0.0,60.0
7040,정선한교,2021-07-05 21:20:00,0.0,0.0,0.0,60.01
7041,정선한교,2021-07-05 21:21:00,0.0,0.0,0.0,60.01
7042,정선한교,2021-07-05 21:22:00,0.0,0.0,0.0,60.01
7043,정선한교,2021-07-05 21:23:00,0.0,0.0,0.0,60.02
7044,정선한교,2021-07-05 21:24:00,0.0,0.0,0.0,60.01
7045,정선한교,2021-07-05 21:25:00,0.0,0.0,0.0,60.01
7046,정선한교,2021-07-05 21:26:00,0.0,0.0,0.0,59.99
7047,정선한교,2021-07-05 21:27:00,0.0,0.0,0.0,59.99
7048,정선한교,2021-07-05 21:28:00,0.0,0.0,0.0,59.99
7049,정선한교,2021-07-05 21:29:00,0.0,0.0,0.0,59.99
7050,정선한교,2021-07-05 21:30:00,0.0,0.0,0.0,60.01
7051,정선한교,2021-07-05 21:31:00,0.0,0.0,0.0,60.0
7052,정선한교,2021-07-05 21:32:00,0.0,0.0,0.0,60.0
7053,정선한교,2021-07-05 21:33:00,0.0,0.0,0.0,59.99
7054,정선한교,2021-07-05 21:34:00,0.0,0.0,0.0,60.0
7055,정선한교,2021-07-05 21:35:00,0.0,0.0,0.0,60.0
7056,정선한교,2021-07-05 21:36:00,0.0,0.0,0.0,60.0
7057,정선한교,2021-07-05 21:37:00,0.0,0.0,0.0,60.0
7058,정선한교,2021-07-05 21:38:00,0.0,0.0,0.0,60.0
7059,정선한교,2021-07-05 21:39:00,0.0,0.0,0.0,60.01
7060,정선한교,2021-07-05 21:40:00,0.0,0.0,0.0,59.99
7061,정선한교,2021-07-05 21:41:00,0.0,0.0,0.0,59.99
7062,정선한교,2021-07-05 21:42:00,0.0,0.0,0.0,59.99
7063,정선한교,2021-07-05 21:43:00,0.0,0.0,0.0,59.99
7064,정선한교,2021-07-05 21:44:00,0.0,0.0,0.0,60.0
7065,정선한교,2021-07-05 21:45:00,0.0,0.0,0.0,60.0
7066,정선한교,2021-07-05 21:46:00,0.0,0.0,0.0,60.0
7067,정선한교,2021-07-05 21:47:00,0.0,0.0,0.0,60.0
7068,정선한교,2021-07-05 21:48:00,0.0,0.0,0.0,60.0
7069,정선한교,2021-07-05 21:49:00,0.0,0.0,0.0,60.0
7070,정선한교,2021-07-05 21:50:00,0.0,0.0,0.0,59.99
7071,정선한교,2021-07-05 21:51:00,0.0,0.0,0.0,59.99
7072,정선한교,2021-07-05 21:52:00,0.0,0.0,0.0,59.98
7073,정선한교,2021-07-05 21:53:00,0.0,0.0,0.0,59.97
7074,정선한교,2021-07-05 21:54:00,0.0,0.0,0.0,59.97
7075,정선한교,2021-07-05 21:55:00,0.0,0.0,0.0,59.98
7076,정선한교,2021-07-05 21:56:00,0.0,0.0,0.0,59.98
7077,정선한교,2021-07-05 21:57:00,0.0,0.0,0.0,59.98
7078,정선한교,2021-07-05 21:58:00,0.0,0.0,0.0,59.98
7079,정선한교,2021-07-05 21:59:00,0.0,0.0,0.0,59.98
7080,정선한교,2021-07-05 22:00:00,0.0,0.0,0.0,59.98
7081,정선한교,2021-07-05 22:01:00,0.0,0.0,0.0,59.98
7082,정선한교,2021-07-05 22:02:00,0.0,0.0,0.0,60.0
7083,정선한교,2021-07-05 22:03:00,0.0,0.0,0.0,60.02
7084,정선한교,2021-07-05 22:04:00,0.0,0.0,0.0,60.02
7085,정선한교,2021-07-05 22:05:00,0.0,0.0,0.0,60.02
7086,정선한교,2021-07-05 22:06:00,0.0,0.0,0.0,60.01
7087,정선한교,2021-07-05 22:07:00,0.0,0.0,0.0,60.01
7088,정선한교,2021-07-05 22:08:00,0.0,0.0,0.0,60.0
7089,정선한교,2021-07-05 22:09:00,0.0,0.0,0.0,60.01
7090,정선한교,2021-07-05 22:10:00,0.0,0.0,0.0,60.01
7091,정선한교,2021-07-05 22:11:00,0.0,0.0,0.0,59.99
7092,정선한교,2021-07-05 22:12:00,0.0,0.0,0.0,60.01
7093,정선한교,2021-07-05 22:13:00,0.0,0.0,0.0,60.01
7094,정선한교,2021-07-05 22:14:00,0.0,0.0,0.0,60.01
7095,정선한교,2021-07-05 22:15:00,0.0,0.0,0.0,60.02
7096,정선한교,2021-07-05 22:16:00,0.0,0.0,0.0,60.02
7097,정선한교,2021-07-05 22:17:00,0.0,0.0,0.0,60.02
7098,정선한교,2021-07-05 22:18:00,0.0,0.0,0.0,60.02
7099,정선한교,2021-07-05 22:19:00,0.0,0.0,0.0,60.01
7100,정선한교,2021-07-05 22:20:00,0.0,0.0,0.0,60.01
7101,정선한교,2021-07-05 22:21:00,0.0,0.0,0.0,60.01
7102,정선한교,2021-07-05 22:22:00,0.0,0.0,0.0,60.01
7103,정선한교,2021-07-05 22:23:00,0.0,0.0,0.0,60.01
7104,정선한교,2021-07-05 22:24:00,0.0,0.0,0.0,60.01
7105,정선한교,2021-07-05 22:25:00,0.0,0.0,0.0,60.02
7106,정선한교,2021-07-05 22:26:00,0.0,0.0,0.0,60.02
7107,정선한교,2021-07-05 22:27:00,0.0,0.0,0.0,60.02
7108,정선한교,2021-07-05 22:28:00,0.0,0.0,0.0,60.0
7109,정선한교,2021-07-05 22:29:00,0.0,0.0,0.0,60.0
7110,정선한교,2021-07-05 22:30:00,0.0,0.0,0.0,60.01
7111,정선한교,2021-07-05 22:31:00,0.0,0.0,0.0,60.01
7112,정선한교,2021-07-05 22:32:00,0.0,0.0,0.0,60.01
7113,정선한교,2021-07-05 22:33:00,0.0,0.0,0.0,60.01
7114,정선한교,2021-07-05 22:34:00,0.0,0.0,0.0,59.99
7115,정선한교,2021-07-05 22:35:00,0.0,0.0,0.0,60.01
7116,정선한교,2021-07-05 22:36:00,0.0,0.0,0.0,60.01
7117,정선한교,2021-07-05 22:37:00,0.0,0.0,0.0,60.0
7118,정선한교,2021-07-05 22:38:00,0.0,0.0,0.0,59.98
7119,정선한교,2021-07-05 22:39:00,0.0,0.0,0.0,59.98
7120,정선한교,2021-07-05 22:40:00,0.0,0.0,0.0,59.97
7121,정선한교,2021-07-05 22:41:00,0.0,0.0,0.0,59.97
7122,정선한교,2021-07-05 22:42:00,0.0,0.0,0.0,59.97
7123,정선한교,2021-07-05 22:43:00,0.0,0.0,0.0,59.99
7124,정선한교,2021-07-05 22:44:00,0.0,0.0,0.0,60.01
7125,정선한교,2021-07-05 22:45:00,0.0,0.0,0.0,60.01
7126,정선한교,2021-07-05 22:46:00,0.0,0.0,0.0,60.01
7127,정선한교,2021-07-05 22:47:00,0.0,0.0,0.0,60.01
7128,정선한교,2021-07-05 22:48:00,0.0,0.0,0.0,60.01
7129,정선한교,2021-07-05 22:49:00,0.0,0.0,0.0,60.01
7130,정선한교,2021-07-05 22:50:00,0.0,0.0,0.0,59.98
7131,정선한교,2021-07-05 22:51:00,0.0,0.0,0.0,59.97
7132,정선한교,2021-07-05 22:52:00,0.0,0.0,0.0,59.97
7133,정선한교,2021-07-05 22:53:00,0.0,0.0,0.0,60.0
7134,정선한교,2021-07-05 22:54:00,0.0,0.0,0.0,60.0
7135,정선한교,2021-07-05 22:55:00,0.0,0.0,0.0,60.0
7136,정선한교,2021-07-05 22:56:00,0.0,0.0,0.0,59.98
7137,정선한교,2021-07-05 22:57:00,0.0,0.0,0.0,59.97
7138,정선한교,2021-07-05 22:58:00,0.0,0.0,0.0,59.97
7139,정선한교,2021-07-05 22:59:00,0.0,0.0,0.0,59.98
7140,정선한교,2021-07-05 23:00:00,0.0,0.0,0.0,59.97
7141,정선한교,2021-07-05 23:01:00,0.0,0.0,0.0,59.97
7142,정선한교,2021-07-05 23:02:00,0.0,0.0,0.0,59.97
7143,정선한교,2021-07-05 23:03:00,0.0,0.0,0.0,59.97
7144,정선한교,2021-07-05 23:04:00,0.0,0.0,0.0,59.97
7145,정선한교,2021-07-05 23:05:00,0.0,0.0,0.0,59.97
7146,정선한교,2021-07-05 23:06:00,0.0,0.0,0.0,59.98
7147,정선한교,2021-07-05 23:07:00,0.0,0.0,0.0,59.98
7148,정선한교,2021-07-05 23:08:00,0.0,0.0,0.0,59.98
7149,정선한교,2021-07-05 23:09:00,0.0,0.0,0.0,60.0
7150,정선한교,2021-07-05 23:10:00,0.0,0.0,0.0,59.98
7151,정선한교,2021-07-05 23:11:00,0.0,0.0,0.0,59.98
7152,정선한교,2021-07-05 23:12:00,0.0,0.0,0.0,59.99
7153,정선한교,2021-07-05 23:13:00,0.0,0.0,0.0,60.0
7154,정선한교,2021-07-05 23:14:00,0.0,0.0,0.0,60.0
7155,정선한교,2021-07-05 23:15:00,0.0,0.0,0.0,60.03
7156,정선한교,2021-07-05 23:16:00,0.0,0.0,0.0,59.99
7157,정선한교,2021-07-05 23:17:00,0.0,0.0,0.0,59.99
7158,정선한교,2021-07-05 23:18:00,0.0,0.0,0.0,59.98
7159,정선한교,2021-07-05 23:19:00,0.0,0.0,0.0,59.98
7160,정선한교,2021-07-05 23:20:00,0.0,0.0,0.0,59.98
7161,정선한교,2021-07-05 23:21:00,0.0,0.0,0.0,59.98
7162,정선한교,2021-07-05 23:22:00,0.0,0.0,0.0,60.0
7163,정선한교,2021-07-05 23:23:00,0.0,0.0,0.0,60.01
7164,정선한교,2021-07-05 23:24:00,0.0,0.0,0.0,60.01
7165,정선한교,2021-07-05 23:25:00,0.0,0.0,0.0,59.98
7166,정선한교,2021-07-05 23:26:00,0.0,0.0,0.0,59.99
7167,정선한교,2021-07-05 23:27:00,0.0,0.0,0.0,59.99
7168,정선한교,2021-07-05 23:28:00,0.0,0.0,0.0,60.02
7169,정선한교,2021-07-05 23:29:00,0.0,0.0,0.0,60.02
7170,정선한교,2021-07-05 23:30:00,0.0,0.0,0.0,60.02
7171,정선한교,2021-07-05 23:31:00,0.0,0.0,0.0,60.0
7172,정선한교,2021-07-05 23:32:00,0.0,0.0,0.0,60.01
7173,정선한교,2021-07-05 23:33:00,0.0,0.0,0.0,60.01
7174,정선한교,2021-07-05 23:34:00,0.0,0.0,0.0,60.01
7175,정선한교,2021-07-05 23:35:00,0.0,0.0,0.0,59.99
7176,정선한교,2021-07-05 23:36:00,0.0,0.0,0.0,60.0
7177,정선한교,2021-07-05 23:37:00,0.0,0.0,0.0,60.0
7178,정선한교,2021-07-05 23:38:00,0.0,0.0,0.0,59.98
7179,정선한교,2021-07-05 23:39:00,0.0,0.0,0.0,59.98
7180,정선한교,2021-07-05 23:40:00,0.0,0.0,0.0,59.98
7181,정선한교,2021-07-05 23:41:00,0.0,0.0,0.0,60.01
7182,정선한교,2021-07-05 23:42:00,0.0,0.0,0.0,59.95
7183,정선한교,2021-07-05 23:43:00,0.0,0.0,0.0,59.95
7184,정선한교,2021-07-05 23:44:00,0.0,0.0,0.0,59.96
7185,정선한교,2021-07-05 23:45:00,0.0,0.0,0.0,60.0
7186,정선한교,2021-07-05 23:46:00,0.0,0.0,0.0,60.0
7187,정선한교,2021-07-05 23:47:00,0.0,0.0,0.0,59.97
7188,정선한교,2021-07-05 23:48:00,0.0,0.0,0.0,59.99
7189,정선한교,2021-07-05 23:49:00,0.0,0.0,0.0,59.99
7190,정선한교,2021-07-05 23:50:00,0.0,0.0,0.0,59.99
7191,정선한교,2021-07-05 23:51:00,0.0,0.0,0.0,59.97
7192,정선한교,2021-07-05 23:52:00,0.0,0.0,0.0,59.99
7193,정선한교,2021-07-05 23:53:00,0.0,0.0,0.0,59.99
7194,정선한교,2021-07-05 23:54:00,0.0,0.0,0.0,59.99
7195,정선한교,2021-07-05 23:55:00,0.0,0.0,0.0,59.99
7196,정선한교,2021-07-05 23:56:00,0.0,0.0,0.0,59.99
7197,정선한교,2021-07-05 23:57:00,0.0,0.0,0.0,59.97
7198,정선한교,2021-07-05 23:58:00,0.0,0.0,0.0,59.98
7199,정선한교,2021-07-05 23:59:00,0.0,0.0,0.0,59.98
